-- phpMyAdmin SQL Dump
-- version 4.9.2
-- https://www.phpmyadmin.net/
--
-- Host: 127.0.0.1:3306
-- Generation Time: Jul 12, 2021 at 02:56 PM
-- Server version: 5.7.28
-- PHP Version: 7.4.0

SET SQL_MODE = "NO_AUTO_VALUE_ON_ZERO";
SET AUTOCOMMIT = 0;
START TRANSACTION;
SET time_zone = "+00:00";


/*!40101 SET @OLD_CHARACTER_SET_CLIENT=@@CHARACTER_SET_CLIENT */;
/*!40101 SET @OLD_CHARACTER_SET_RESULTS=@@CHARACTER_SET_RESULTS */;
/*!40101 SET @OLD_COLLATION_CONNECTION=@@COLLATION_CONNECTION */;
/*!40101 SET NAMES utf8mb4 */;

--
-- Database: `emirati_genome_v2`
--

-- --------------------------------------------------------

--
-- Table structure for table `admins`
--

DROP TABLE IF EXISTS `admins`;
CREATE TABLE IF NOT EXISTS `admins` (
  `id` int(11) NOT NULL AUTO_INCREMENT,
  `name` varchar(100) NOT NULL,
  `email` varchar(191) NOT NULL,
  `mobile` varchar(30) DEFAULT NULL,
  `password` varchar(255) NOT NULL,
  `remember_token` varchar(255) NOT NULL,
  `created_at` timestamp NOT NULL DEFAULT CURRENT_TIMESTAMP ON UPDATE CURRENT_TIMESTAMP,
  `updated_at` timestamp NOT NULL DEFAULT '0000-00-00 00:00:00',
  PRIMARY KEY (`id`)
) ENGINE=InnoDB AUTO_INCREMENT=2 DEFAULT CHARSET=utf8;

--
-- Dumping data for table `admins`
--

INSERT INTO `admins` (`id`, `name`, `email`, `mobile`, `password`, `remember_token`, `created_at`, `updated_at`) VALUES
(1, 'emiratigenomeprogram Admin', 'admin@emiratigenomeprogram.ae', NULL, '$2y$10$7uKosaghKMS46yghbAcycuUlGjQEFkKKOK8fnsYXYe2Ya7mGa9UcK', 'L5PqAfbSprYQ8BU4509HaiK9qXHaG6iC6Pa3j54z1mhpwkLUPSlGs0nAF7Bi', '2021-01-23 13:24:44', '2020-01-24 06:21:20');

-- --------------------------------------------------------

--
-- Table structure for table `board_of_directors`
--

DROP TABLE IF EXISTS `board_of_directors`;
CREATE TABLE IF NOT EXISTS `board_of_directors` (
  `id` int(11) NOT NULL AUTO_INCREMENT,
  `name_ar` varchar(500) NOT NULL,
  `name_en` varchar(500) NOT NULL,
  `job_title_ar` varchar(500) DEFAULT NULL,
  `job_title_en` varchar(500) DEFAULT NULL,
  `bio_ar` text,
  `bio_en` text,
  `img` varchar(750) DEFAULT NULL,
  `email` varchar(255) DEFAULT NULL,
  `category_id` int(11) NOT NULL,
  `created_at` timestamp NULL DEFAULT NULL,
  `updated_at` timestamp NULL DEFAULT NULL,
  `deleted_at` timestamp NULL DEFAULT NULL,
  PRIMARY KEY (`id`),
  KEY `category_id` (`category_id`)
) ENGINE=InnoDB AUTO_INCREMENT=10 DEFAULT CHARSET=utf8;

--
-- Dumping data for table `board_of_directors`
--

INSERT INTO `board_of_directors` (`id`, `name_ar`, `name_en`, `job_title_ar`, `job_title_en`, `bio_ar`, `bio_en`, `img`, `email`, `category_id`, `created_at`, `updated_at`, `deleted_at`) VALUES
(1, 'عمر كشكو', 'Omar Kashko', NULL, NULL, 'يهدف مشروع الجينوم الاماراتي لوضع خارطة جينية للأفراد ودمجها مع البيانات الصحية بهدف تقديم رعاية صحية متميزة للمواطنين اعتمادا على نتائج فحص التسلسل الجيني لمواطني دولة الامارات. يهدف مشروع الجينوم الاماراتي لوضع خارطة جينية للأفراد ودمجها مع البيانات الصحية بهدف تقديم رعاية صحية متميزة للمواطنين اعتمادا على نتائج فحص التسلسل الجيني لمواطني دولة الامارات.', 'The UAE Genome Project aims to develop a genetic map for individuals and integrate it with health data in order to provide distinguished health care to citizens based on the results of the genetic sequence examination for UAE citizens. The UAE Genome Project aims to develop a genetic map for individuals and integrate it with health data in order to provide distinguished health care to citizens based on the results of the genetic sequence examination for UAE citizens.', 'image_1055448.jpg', 'mail@domain.com', 1, '2021-06-30 21:00:00', '2021-07-12 15:41:51', NULL),
(2, 'عماد السيد علي', 'Emad Ali', NULL, NULL, 'يهدف مشروع الجينوم الاماراتي لوضع خارطة جينية للأفراد ودمجها مع البيانات الصحية بهدف تقديم رعاية صحية متميزة للمواطنين اعتمادا على نتائج فحص التسلسل الجيني لمواطني دولة الامارات. يهدف مشروع الجينوم الاماراتي لوضع خارطة جينية للأفراد ودمجها مع البيانات الصحية بهدف تقديم رعاية صحية متميزة للمواطنين اعتمادا على نتائج فحص التسلسل الجيني لمواطني دولة الامارات.', 'The UAE Genome Project aims to develop a genetic map for individuals and integrate it with health data in order to provide distinguished health care to citizens based on the results of the genetic sequence examination for UAE citizens.The UAE Genome Project aims to develop a genetic map for individuals and integrate it with health data in order to provide distinguished health care to citizens based on the results of the genetic sequence examination for UAE citizens.', 'avatar-3637425_640.png', 'mail@domain.com', 2, '2021-06-30 21:00:00', '2021-07-12 15:44:22', NULL),
(3, 'فهد بن سالم', 'Fahd bin Salem', NULL, NULL, 'يهدف مشروع الجينوم الاماراتي لوضع خارطة جينية للأفراد ودمجها مع البيانات الصحية بهدف تقديم رعاية صحية متميزة للمواطنين اعتمادا على نتائج فحص التسلسل الجيني لمواطني دولة الامارات.يهدف مشروع الجينوم الاماراتي لوضع خارطة جينية للأفراد ودمجها مع البيانات الصحية بهدف تقديم رعاية صحية متميزة للمواطنين اعتمادا على نتائج فحص التسلسل الجيني لمواطني دولة الامارات.', 'The UAE Genome Project aims to develop a genetic map for individuals and integrate it with health data in order to provide distinguished health care to citizens based on the results of the genetic sequence examination for UAE citizens.The UAE Genome Project aims to develop a genetic map for individuals and integrate it with health data in order to provide distinguished health care to citizens based on the results of the genetic sequence examination for UAE citizens.', '32rfff.png', 'mail@domain.com', 2, '2021-06-30 21:00:00', '2021-07-12 15:44:30', NULL),
(4, 'مريم جاسم', 'Mariam Jassim', NULL, NULL, 'يهدف مشروع الجينوم الاماراتي لوضع خارطة جينية للأفراد ودمجها مع البيانات الصحية بهدف تقديم رعاية صحية متميزة للمواطنين اعتمادا على نتائج فحص التسلسل الجيني لمواطني دولة الامارات.يهدف مشروع الجينوم الاماراتي لوضع خارطة جينية للأفراد ودمجها مع البيانات الصحية بهدف تقديم رعاية صحية متميزة للمواطنين اعتمادا على نتائج فحص التسلسل الجيني لمواطني دولة الامارات.', 'The UAE Genome Project aims to develop a genetic map for individuals and integrate it with health data in order to provide distinguished health care to citizens based on the results of the genetic sequence examination for UAE citizens.The UAE Genome Project aims to develop a genetic map for individuals and integrate it with health data in order to provide distinguished health care to citizens based on the results of the genetic sequence examination for UAE citizens.', '5481001.png', 'mail@domain.com', 2, '2021-06-30 21:00:00', '2021-07-12 15:44:38', NULL),
(5, 'علاء طارق', 'Alaa Tariq', NULL, NULL, 'يهدف مشروع الجينوم الاماراتي لوضع خارطة جينية للأفراد ودمجها مع البيانات الصحية بهدف تقديم رعاية صحية متميزة للمواطنين اعتمادا على نتائج فحص التسلسل الجيني لمواطني دولة الامارات.يهدف مشروع الجينوم الاماراتي لوضع خارطة جينية للأفراد ودمجها مع البيانات الصحية بهدف تقديم رعاية صحية متميزة للمواطنين اعتمادا على نتائج فحص التسلسل الجيني لمواطني دولة الامارات.', 'The UAE Genome Project aims to develop a genetic map for individuals and integrate it with health data in order to provide distinguished health care to citizens based on the results of the genetic sequence examination for UAE citizens.The UAE Genome Project aims to develop a genetic map for individuals and integrate it with health data in order to provide distinguished health care to citizens based on the results of the genetic sequence examination for UAE citizens.', '5b4d74010dd214.7783760115318026250566.jpg', 'mail@domain.com', 2, '2021-06-30 21:00:00', '2021-07-12 15:44:52', NULL),
(6, 'فهد بن سالم', 'Fahd bin Salem', NULL, NULL, 'يهدف مشروع الجينوم الاماراتي لوضع خارطة جينية للأفراد ودمجها مع البيانات الصحية بهدف تقديم رعاية صحية متميزة للمواطنين اعتمادا على نتائج فحص التسلسل الجيني لمواطني دولة الامارات.يهدف مشروع الجينوم الاماراتي لوضع خارطة جينية للأفراد ودمجها مع البيانات الصحية بهدف تقديم رعاية صحية متميزة للمواطنين اعتمادا على نتائج فحص التسلسل الجيني لمواطني دولة الامارات.', 'The UAE Genome Project aims to develop a genetic map for individuals and integrate it with health data in order to provide distinguished health care to citizens based on the results of the genetic sequence examination for UAE citizens.The UAE Genome Project aims to develop a genetic map for individuals and integrate it with health data in order to provide distinguished health care to citizens based on the results of the genetic sequence examination for UAE citizens.', '32rfff.png', 'mail@domain.com', 3, '2021-06-30 21:00:00', '2021-07-12 15:44:45', NULL),
(7, 'سلوى بن صقر', 'Salwa bin Saqr', NULL, NULL, 'يهدف مشروع الجينوم الاماراتي لوضع خارطة جينية للأفراد ودمجها مع البيانات الصحية بهدف تقديم رعاية صحية متميزة للمواطنين اعتمادا على نتائج فحص التسلسل الجيني لمواطني دولة الامارات.يهدف مشروع الجينوم الاماراتي لوضع خارطة جينية للأفراد ودمجها مع البيانات الصحية بهدف تقديم رعاية صحية متميزة للمواطنين اعتمادا على نتائج فحص التسلسل الجيني لمواطني دولة الامارات.', 'The UAE Genome Project aims to develop a genetic map for individuals and integrate it with health data in order to provide distinguished health care to citizens based on the results of the genetic sequence examination for UAE citizens.The UAE Genome Project aims to develop a genetic map for individuals and integrate it with health data in order to provide distinguished health care to citizens based on the results of the genetic sequence examination for UAE citizens.', '5481001.png', 'mail@domain.com', 3, '2021-06-30 21:00:00', '2021-07-12 15:45:00', NULL),
(8, 'تامر مراد', 'Tamer Mourad', NULL, NULL, 'يهدف مشروع الجينوم الاماراتي لوضع خارطة جينية للأفراد ودمجها مع البيانات الصحية بهدف تقديم رعاية صحية متميزة للمواطنين اعتمادا على نتائج فحص التسلسل الجيني لمواطني دولة الامارات.يهدف مشروع الجينوم الاماراتي لوضع خارطة جينية للأفراد ودمجها مع البيانات الصحية بهدف تقديم رعاية صحية متميزة للمواطنين اعتمادا على نتائج فحص التسلسل الجيني لمواطني دولة الامارات.', 'The UAE Genome Project aims to develop a genetic map for individuals and integrate it with health data in order to provide distinguished health care to citizens based on the results of the genetic sequence examination for UAE citizens.The UAE Genome Project aims to develop a genetic map for individuals and integrate it with health data in order to provide distinguished health care to citizens based on the results of the genetic sequence examination for UAE citizens.', '32rfff.png', 'mail@domain.com', 3, '2021-06-30 21:00:00', '2021-07-12 15:45:07', NULL),
(9, 'Justin Welch', 'Zahir Blake', NULL, NULL, 'Nemo corrupti rerum', 'Sequi totam dolor ex', '95217_1626096987.png', 'qipoja@mailinator.com', 1, '2021-07-12 14:36:27', '2021-07-12 14:36:34', '2021-07-12 14:36:34');

-- --------------------------------------------------------

--
-- Table structure for table `board_of_directors_category`
--

DROP TABLE IF EXISTS `board_of_directors_category`;
CREATE TABLE IF NOT EXISTS `board_of_directors_category` (
  `id` int(11) NOT NULL AUTO_INCREMENT,
  `name_ar` varchar(255) NOT NULL,
  `name_en` varchar(255) NOT NULL,
  `job_title_ar` varchar(255) NOT NULL,
  `job_title_en` varchar(255) NOT NULL,
  `level` int(11) NOT NULL,
  `active` tinyint(1) NOT NULL DEFAULT '1',
  `created_at` timestamp NULL DEFAULT NULL,
  `updated_at` timestamp NULL DEFAULT NULL,
  `deleted_at` timestamp NULL DEFAULT NULL,
  PRIMARY KEY (`id`)
) ENGINE=InnoDB AUTO_INCREMENT=4 DEFAULT CHARSET=utf8;

--
-- Dumping data for table `board_of_directors_category`
--

INSERT INTO `board_of_directors_category` (`id`, `name_ar`, `name_en`, `job_title_ar`, `job_title_en`, `level`, `active`, `created_at`, `updated_at`, `deleted_at`) VALUES
(1, 'رئاسة المجلس', 'Council Presidency', 'رئيس مجلس الإدارة', 'Chairman of Board of Directors', 1, 1, '2021-07-01 04:21:00', '2021-07-03 07:29:02', NULL),
(2, 'المدراء التنفيذيين', 'CEOs', 'مدير تنفيذي', 'Executive Director', 2, 1, '2021-07-01 04:21:00', '2021-07-01 04:21:00', NULL),
(3, 'أعضاء المجلس', 'Council Members', 'عضو مجلس', 'Member of Parliament', 3, 1, '2021-07-01 04:21:00', '2021-07-01 04:21:00', NULL);

-- --------------------------------------------------------

--
-- Table structure for table `cities`
--

DROP TABLE IF EXISTS `cities`;
CREATE TABLE IF NOT EXISTS `cities` (
  `id` int(11) NOT NULL AUTO_INCREMENT,
  `name_ar` varchar(255) DEFAULT NULL,
  `name_en` varchar(150) DEFAULT NULL,
  `state_id` int(11) NOT NULL,
  `latitude` varchar(50) DEFAULT NULL,
  `longitude` varchar(50) DEFAULT NULL,
  `status` tinyint(1) NOT NULL DEFAULT '1',
  `created_at` timestamp NULL DEFAULT NULL,
  `updated_at` timestamp NULL DEFAULT NULL,
  `deleted_at` timestamp NULL DEFAULT NULL,
  PRIMARY KEY (`id`),
  KEY `country_id` (`state_id`)
) ENGINE=InnoDB AUTO_INCREMENT=23 DEFAULT CHARSET=utf8;

--
-- Dumping data for table `cities`
--

INSERT INTO `cities` (`id`, `name_ar`, `name_en`, `state_id`, `latitude`, `longitude`, `status`, `created_at`, `updated_at`, `deleted_at`) VALUES
(1, 'أبو ظبي', 'Abu Dhabi', 1, NULL, NULL, 1, '2020-01-13 04:13:20', '2020-02-18 08:57:52', NULL),
(2, 'العين', 'A3ayen', 1, NULL, NULL, 1, '2020-01-13 04:13:20', NULL, NULL),
(3, 'زايد', 'Zayed', 1, NULL, NULL, 1, '2020-01-13 04:13:20', NULL, NULL),
(4, 'عجمان', 'Ajman', 2, NULL, NULL, 1, '2020-01-13 04:13:20', NULL, NULL),
(5, 'مصفوت', 'Masfout', 2, NULL, NULL, 1, '2020-01-13 04:13:20', NULL, NULL),
(6, 'المنامة', 'Manama', 2, NULL, NULL, 1, '2020-01-13 04:13:20', NULL, NULL),
(7, 'دبي', 'Dubai', 3, NULL, NULL, 1, '2020-01-13 04:13:20', NULL, NULL),
(8, 'جبل علي', 'Jabal Ali', 3, NULL, NULL, 1, '2020-01-13 04:13:20', NULL, NULL),
(9, 'حتا', 'Hataa', 3, NULL, NULL, 1, '2020-01-13 04:13:20', NULL, NULL),
(10, 'دبا الفجيرة', 'Dibba Fujairah', 4, NULL, NULL, 1, '2020-01-13 04:13:20', NULL, NULL),
(11, 'البدية', 'The Bidah', 4, NULL, NULL, 1, '2020-01-13 04:13:20', NULL, NULL),
(12, 'مسافي', 'Masafi', 4, NULL, NULL, 1, '2020-01-13 04:13:20', NULL, NULL),
(13, 'قدفع', 'Qadfaa', 4, NULL, NULL, 1, '2020-01-13 04:13:20', NULL, NULL),
(14, 'البثنة', 'Al Bathna', 4, NULL, NULL, 1, '2020-01-13 04:13:20', NULL, NULL),
(15, 'رأس الخيمة', 'Ras Al Khaimah', 5, NULL, NULL, 1, '2020-01-13 04:13:20', NULL, NULL),
(16, 'النخيل', 'Al Nakheel', 5, NULL, NULL, 1, '2020-01-13 04:13:20', NULL, NULL),
(17, 'الشارقة', 'Sharjah', 6, NULL, NULL, 1, '2020-01-13 04:13:20', NULL, NULL),
(18, 'كلبا', 'Kalba', 6, NULL, NULL, 1, '2020-01-13 04:13:20', NULL, NULL),
(19, 'خورفكان', 'Khorfakkan', 6, NULL, NULL, 1, '2020-01-13 04:13:20', NULL, NULL),
(20, 'دبا الحصن', 'Dibba Al-Hisn', 6, NULL, NULL, 1, '2020-01-13 04:13:20', NULL, NULL),
(21, 'أم القيوين', 'Umm Al Quwain', 7, NULL, NULL, 1, '2020-01-13 04:13:20', NULL, NULL),
(22, 'we', 'fewfwef', 4, NULL, NULL, 1, '2021-07-01 07:00:25', '2021-07-01 07:00:31', '2021-07-01 07:00:31');

-- --------------------------------------------------------

--
-- Table structure for table `contact_us_messages`
--

DROP TABLE IF EXISTS `contact_us_messages`;
CREATE TABLE IF NOT EXISTS `contact_us_messages` (
  `id` int(11) NOT NULL AUTO_INCREMENT,
  `user_name` varchar(191) DEFAULT NULL,
  `user_email` varchar(191) DEFAULT NULL,
  `phone` varchar(30) DEFAULT NULL,
  `message` text NOT NULL,
  `user_ip` varchar(30) DEFAULT NULL,
  `message_type` varchar(255) DEFAULT NULL,
  `seen_by_admin` tinyint(1) NOT NULL DEFAULT '0',
  `created_at` timestamp NULL DEFAULT NULL,
  `updated_at` timestamp NULL DEFAULT NULL,
  PRIMARY KEY (`id`)
) ENGINE=MyISAM AUTO_INCREMENT=36 DEFAULT CHARSET=utf8;

--
-- Dumping data for table `contact_us_messages`
--

INSERT INTO `contact_us_messages` (`id`, `user_name`, `user_email`, `phone`, `message`, `user_ip`, `message_type`, `seen_by_admin`, `created_at`, `updated_at`) VALUES
(31, 'Chadwick Owens', 'gocolibi@mailinator.com', '+1 (402) 982-9029', 'Repudiandae fugiat', '127.0.0.1', NULL, 1, '2021-02-02 15:55:50', '2021-06-13 06:20:41'),
(29, 'Francis Bond', 'qamu@mailinator.com', '+1 (227) 825-8152', 'Ad non dolorem aliqu', '127.0.0.1', NULL, 1, '2021-02-02 15:54:51', '2021-06-13 06:20:43'),
(28, 'Keane Norris', 'cerecib@mailinator.com', '+1 (121) 714-9871', 'Omnis assumenda obca', '127.0.0.1', NULL, 1, '2021-01-23 15:14:50', '2021-01-24 08:13:36'),
(30, 'Garrett Mcintosh', 'livazyfer@mailinator.com', '+1 (812) 732-4832', 'Perspiciatis evenie', '127.0.0.1', NULL, 1, '2021-02-02 15:55:03', '2021-06-13 06:20:53'),
(26, 'Warren Everett', 'wohetiv@mailinator.com', '+1 (932) 881-1693', 'Fuga Exercitation a', '127.0.0.1', NULL, 1, '2021-01-23 14:51:35', '2021-01-24 08:13:38'),
(27, 'Warren Everett', 'wohetiv@mailinator.com', '+1 (932) 881-1693', 'Fuga Exercitation a', '127.0.0.1', NULL, 1, '2021-01-23 14:52:09', '2021-01-24 08:13:40'),
(32, 'ewfwef', 'ewfwefwefwef', NULL, 'ewfwefwefwefwef', '127.0.0.1', 'اقتراح', 1, '2021-06-09 09:36:23', '2021-06-13 06:20:48'),
(33, 'ewfwef', 'fwefwe', NULL, 'fwefwefwefwef', '127.0.0.1', 'اختر نوع الرسالة', 1, '2021-06-09 09:38:05', '2021-06-13 06:20:50'),
(34, 'ewfewf', 'ewfewfe', NULL, 'ewfewfwef', '127.0.0.1', 'تبليغ عن محتوى', 1, '2021-06-19 07:43:16', '2021-07-04 08:33:25'),
(35, 'as', 'wqdwqd', NULL, 'wqdwqdqwd', '127.0.0.1', 'اقتراح', 1, '2021-06-19 07:43:41', '2021-07-04 08:34:21');

-- --------------------------------------------------------

--
-- Table structure for table `content`
--

DROP TABLE IF EXISTS `content`;
CREATE TABLE IF NOT EXISTS `content` (
  `id` int(11) NOT NULL AUTO_INCREMENT,
  `section` enum('home','intro','vision','goals','subsc_conditions','statistics','media','contact') NOT NULL,
  `lang` enum('ar','en') NOT NULL,
  `content_key` varchar(191) NOT NULL,
  `content_value` longtext NOT NULL,
  `created_at` timestamp NULL DEFAULT NULL,
  `updated_at` timestamp NULL DEFAULT NULL,
  PRIMARY KEY (`id`)
) ENGINE=InnoDB AUTO_INCREMENT=53 DEFAULT CHARSET=utf8;

--
-- Dumping data for table `content`
--

INSERT INTO `content` (`id`, `section`, `lang`, `content_key`, `content_value`, `created_at`, `updated_at`) VALUES
(1, 'home', 'ar', 'h1', 'برنامج الجينوم الإماراتي', '2021-01-21 11:35:37', '2021-01-24 09:55:04'),
(2, 'home', 'en', 'h1', 'Emirati Genome Program', '2021-01-21 11:35:37', '2021-01-21 11:35:37'),
(3, 'home', 'ar', 'desc', 'انطلاقا من حرص قيادتنا الرشيدة على الارتقاء بالرعاية الصحية المقدمة لمواطني دولة الإمارات وإرساء مكانة الدولة كمركز للبحوث والابتكار في مجال الجينوم، تأتي فكرة برنامج الجينوم الإماراتي لتعزيز هذه الأهداف الاستراتيجية الفريدة من نوعها في دولة الإمارات العربية المتحدة.', '2021-01-21 11:35:37', '2021-01-24 09:55:04'),
(4, 'home', 'en', 'desc', 'Based on the keenness of our wise leadership to improve the health care provided to the citizens of a country\r\n                                     The UAE and establish the country\'s position as a center for research and innovation in\r\n                                     The field of genomics, the idea of the Emirates Genome Program to further these goals comes to the strategy\r\n                                     Unique in the United Arab Emirates', '2021-01-21 11:35:37', '2021-01-21 11:35:37'),
(5, 'intro', 'ar', 'details', 'يهدف مشروع الجينوم الاماراتي لوضع خارطة جينية للأفراد ودمجها مع البيانات الصحية بهدف تقديم رعاية صحية متميزة للمواطنين اعتمادا على نتائج فحص التسلسل الجيني لمواطني دولة الامارات.', '2021-01-21 11:35:37', '2021-06-12 14:28:47'),
(6, 'intro', 'en', 'details', 'The UAE Genome Project aims to develop a genetic map for individuals and integrate it with health data in order to provide distinguished health care to citizens based on the results of the genetic sequence examination for UAE citizens.', '2021-01-21 11:35:37', '2021-01-21 11:35:37'),
(7, 'intro', 'ar', 'media_url', '77649_1623504751.png', '2021-01-21 11:35:37', '2021-06-12 14:32:31'),
(8, 'intro', 'en', 'media_url', '7360_1623504923.png', '2021-01-21 11:35:37', '2021-06-12 14:35:23'),
(9, 'vision', 'ar', 'vision', 'وضع خارطة الجينوم المرجعية لمواطني دولة الامارات العربية المتحدة وإعداد قاعدة بيانات لهذه الخارطة الجينية.', '2021-01-21 11:35:37', '2021-06-12 14:40:37'),
(10, 'vision', 'en', 'vision', 'Develop a reference genome map for the citizens of the United Arab Emirates and prepare a database for this genetic map.', '2021-01-21 11:35:37', '2021-01-21 11:35:37'),
(11, 'vision', 'ar', 'mission', 'الاستفادة من الخارطة الجينية لتقديم رعاية صحية متميزة لمواطني دولة الإمارات.', '2021-01-21 11:35:37', '2021-06-12 14:40:37'),
(12, 'vision', 'en', 'mission', 'Benefiting from the genetic map to provide excellent health care for the citizens of the UAE.', '2021-01-21 11:35:37', '2021-01-21 11:35:37'),
(13, 'goals', 'ar', 'goal1', 'رسم الخارطة الجينية لمواطني دولة الإمارات من أجل تحسين الرعاية الصحية والتعرف على الامراض الوراثية والطفرات الجينية لدى المواطنين', '2021-01-21 11:35:37', '2021-06-12 15:14:16'),
(14, 'goals', 'en', 'goal1', 'Drawing a genetic map for UAE citizens in order to improve health care and identify genetic diseases and genetic mutations among citizens                                                                                     ', '2021-01-21 11:35:37', '2021-01-21 11:35:37'),
(15, 'goals', 'ar', 'goal2', 'سيقوم البرنامج بدراسة جينات المواطنين في جميع أنحاء الإمارات عبر استخدام أحدث تقنيات تسلسل الحمض النووي، والاستفادة أيضاً من القوة التحليلية لتكنولوجيا الذكاء الاصطناعي', '2021-01-21 11:35:37', '2021-06-12 15:14:16'),
(16, 'goals', 'en', 'goal2', 'The program will study the genetics of citizens across the Emirates using the latest DNA sequencing technology, and also leverage the analytical power of artificial intelligence technology', '2021-01-21 11:35:37', '2021-01-21 11:35:37'),
(17, 'goals', 'ar', 'goal3', 'وقع قابلية الإصابة ببعض الأمراض من خلال قراءة الجينوم الكامل ووضع خطة علاجية ووقائية للمجتمع بناء على نتائج التحليل الجيني للمواطنين', '2021-01-21 11:35:37', '2021-06-12 15:14:16'),
(18, 'goals', 'en', 'goal3', 'The susceptibility to infection with some diseases occurred through reading the entire genome and developing a treatment and preventive plan for the community based on the results of the genetic analysis of citizens', '2021-01-21 11:35:37', '2021-01-21 11:35:37'),
(19, 'goals', 'ar', 'media_url', '44573_1623830641.mp4', '2021-01-21 11:35:37', '2021-06-16 09:04:01'),
(20, 'goals', 'en', 'media_url', 'main-video.mp4', '2021-01-21 11:35:37', '2021-01-21 11:35:37'),
(21, 'goals', 'ar', 'goal5', 'سيعتمد نجاح البرنامج اعتماداً كبيراً على تطوعك ومشاركتك في البرنامج', '2021-01-21 11:35:37', '2021-01-21 11:35:37'),
(22, 'goals', 'en', 'goal5', 'The success of the program will depend heavily on your volunteerism and participation in the program', '2021-01-21 11:35:37', '2021-01-21 11:35:37'),
(23, 'subsc_conditions', 'ar', 'title', 'ما هو المطلوب للمشاركة في دراسة الجينوم الإماراتي؟', '2021-01-21 11:35:37', '2021-01-24 09:56:14'),
(24, 'subsc_conditions', 'en', 'title', 'What is required to participate in the study of the UAE genome?', '2021-01-21 11:35:37', '2021-01-21 11:35:37'),
(25, 'subsc_conditions', 'ar', 'cond1', 'تعبئة وتوقيع نموذج المشاركة في الدراسة ونموذج الموافقة', '2021-01-21 11:35:37', '2021-01-24 09:56:14'),
(26, 'subsc_conditions', 'en', 'cond1', 'Fill out and sign the study participation form and consent form', '2021-01-21 11:35:37', '2021-01-21 11:35:37'),
(27, 'subsc_conditions', 'ar', 'cond2', 'تعبئة نموذج طبي والإجابة على بعض الأسئلة المتعلقة بالتاريخ الطبي الخاص بك وبأسرتك', '2021-01-21 11:35:37', '2021-01-24 09:56:14'),
(28, 'subsc_conditions', 'en', 'cond2', 'Fill out a medical form and answer some questions related to your and your family\'s medical history', '2021-01-21 11:35:37', '2021-01-21 11:35:37'),
(29, 'subsc_conditions', 'ar', 'cond3', 'إعطاء عينتي الدم لاستخلاص الحمض النووي منهما واستخدامه في تحليل الجينوم الكامل', '2021-01-21 11:35:37', '2021-01-24 09:56:14'),
(30, 'subsc_conditions', 'en', 'cond3', 'Giving two blood samples for DNA extraction and use for whole genome analysis', '2021-01-21 11:35:37', '2021-01-21 11:35:37'),
(31, 'subsc_conditions', 'ar', 'cond_desc', '<h3>هل يمكنني الانسحاب من الدراسة؟</h3>\n                                            <p>\n                                                إن مشاركتك في هذا البحث تطوعية ، ولديك حرية الانسحاب منها في أي وقت دون\n                                                الحاجة الأسباب والمبررات للانسحاب\n                                            </p>\n                                            <p>\n                                                قررت الانسحاب من هذه الدراسة إذا، كل ما عليك فعله إرسال بريد إلكتروني\n                                                لشركة إلكتروني جي 42 للرعاية الصحية لإبلاغهم برغبتك في الانسحاب من\n                                                الدراسة عبر البريد الكتروني\n                                            </p>\n                                            <p> emiratigenome@g42.ai </p>\n                                            <p>\n                                                قررت الانسحاب قبل معالجة عيناتك ، سنقوم بإزالة بياناتك من الدراسة وإتلاف\n                                                الخاص بك.\n                                            </p>\n                                            <p>\n                                                قررت الانسحاب بعد معالجة عيناتك وتحليل بياناتها ، سيتم إدراجها في\n                                                الدراسة وإتلاف عينة الحمض النووي الخاصة بك التي تم الاحتفاظ بها\n                                            </p>', '2021-01-21 11:35:37', '2021-01-24 09:56:14'),
(32, 'subsc_conditions', 'en', 'cond_desc', '<h3> Can I withdraw from studying? </h3>\r\n                                            <p>\r\n                                                Your participation in this research is voluntary, and you are free to withdraw from it at any time without\r\n                                                Need, reasons and justifications for withdrawal\r\n                                            </p>\r\n                                            <p>\r\n                                                If you decide to withdraw from this study, all you have to do is send an email\r\n                                                Electronic G42 Healthcare Company to inform them of your desire to withdraw from\r\n                                                Study via email\r\n                                            </p>\r\n                                            <p> emiratigenome@g42.ai </p>\r\n                                            <p>\r\n                                                You decide to withdraw before processing your samples, we will remove your data from the study and destroy it\r\n                                                Your.\r\n                                            </p>\r\n                                            <p>\r\n                                                You decide to withdraw after your samples have been processed and their data analyzed, they will be listed in\r\n                                                Study and destroy your preserved DNA sample\r\n                                            </p>', '2021-01-21 11:35:37', '2021-01-21 11:35:37'),
(33, 'statistics', 'ar', 'total_subsc', '6000', '2021-01-21 11:35:37', '2021-01-24 10:10:35'),
(34, 'statistics', 'en', 'total_subsc', '6000', '2021-01-21 11:35:37', '2021-01-21 11:35:37'),
(35, 'statistics', 'ar', 'total_subsc_male', '238', '2021-01-21 11:35:37', '2021-01-24 10:10:35'),
(36, 'statistics', 'en', 'total_subsc_male', '238', '2021-01-21 11:35:37', '2021-01-21 11:35:37'),
(37, 'statistics', 'ar', 'total_subsc_female', '622', '2021-01-21 11:35:37', '2021-01-24 10:10:35'),
(38, 'statistics', 'en', 'total_subsc_female', '622', '2021-01-21 11:35:37', '2021-01-21 11:35:37'),
(39, 'statistics', 'ar', 'gene_packages', '25', '2021-01-21 11:35:37', '2021-01-21 11:35:37'),
(40, 'statistics', 'en', 'gene_packages', '25', '2021-01-21 11:35:37', '2021-01-21 11:35:37'),
(41, 'statistics', 'ar', 'cooperate_with', '3', '2021-01-21 11:35:37', '2021-01-24 10:10:35'),
(42, 'statistics', 'en', 'cooperate_with', '3', '2021-01-21 11:35:37', '2021-01-21 11:35:37'),
(43, 'statistics', 'ar', 'total_checks', '3500', '2021-01-21 11:35:37', '2021-01-24 10:10:35'),
(44, 'statistics', 'en', 'total_checks', '3500', '2021-01-21 11:35:37', '2021-01-21 11:35:37'),
(45, 'statistics', 'ar', 'attracting', 'إستقطاب الكوادر الإماراتية وتدريبها', '2021-01-21 11:35:37', '2021-01-24 10:10:35'),
(46, 'statistics', 'en', 'attracting', 'Attracting and training Emirati cadres', '2021-01-21 11:35:37', '2021-01-21 11:35:37'),
(47, 'statistics', 'ar', 'chart', '{\"\\u064a\\u0646\\u0627\\u064a\\u0631\":\"7\",\"\\u0641\\u0628\\u0631\\u0627\\u064a\\u0631\":\"6\",\"\\u0645\\u0627\\u0631\\u0633\":\"7.4\",\"Apr\":\"6\",\"May\":\"6\",\"Jun\":\"6\",\"Jul\":\"7\",\"Aug\":\"6\",\"Sep\":\"8.5\",\"Oct\":\"6\",\"Nov\":\"8\",\"Dec\":\"10\"}', '2021-01-21 11:35:37', '2021-01-24 10:10:35'),
(48, 'statistics', 'en', 'chart', '{\"Jan\":\"7\",\"Feb\":\"6\",\"Mar\":\"6\",\"Apr\":\"6\",\"May\":\"6\",\"Jun\":\"6\",\"Jul\":\"7\",\"Aug\":\"6\",\"Sep\":\"8.5\",\"Oct\":\"6\",\"Nov\":\"8\",\"Dec\":\"10\"}', '2021-01-21 11:35:37', '2021-01-21 11:35:37'),
(49, 'vision', 'ar', 'media_url', '12449_1623505367.png', '2021-01-21 11:35:37', '2021-06-12 14:42:47'),
(50, 'vision', 'en', 'media_url', 'section3.png', '2021-01-21 11:35:37', '2021-01-24 08:52:10'),
(51, 'goals', 'ar', 'hint', 'يهدف مشروع الجينوم الاماراتي لوضع خارطة جينية للأفراد ودمجها مع البيانات الصحية بهدف تقديم رعاية صحية متميزة للمواطنين اعتمادا على نتائج فحص التسلسل الجيني لمواطني دولة الامارات.', '2021-01-21 11:35:37', '2021-06-12 15:14:16'),
(52, 'goals', 'en', 'hint', 'The UAE Genome Project aims to develop a genetic map for individuals and integrate it with health data in order to provide distinguished health care to citizens based on the results of the genetic sequence examination for UAE citizens.', '2021-01-21 11:35:37', '2021-01-21 11:35:37');

-- --------------------------------------------------------

--
-- Table structure for table `failed_jobs`
--

DROP TABLE IF EXISTS `failed_jobs`;
CREATE TABLE IF NOT EXISTS `failed_jobs` (
  `id` bigint(20) UNSIGNED NOT NULL AUTO_INCREMENT,
  `connection` text COLLATE utf8mb4_unicode_ci NOT NULL,
  `queue` text COLLATE utf8mb4_unicode_ci NOT NULL,
  `payload` longtext COLLATE utf8mb4_unicode_ci NOT NULL,
  `exception` longtext COLLATE utf8mb4_unicode_ci NOT NULL,
  `failed_at` timestamp NOT NULL DEFAULT CURRENT_TIMESTAMP,
  PRIMARY KEY (`id`)
) ENGINE=MyISAM DEFAULT CHARSET=utf8mb4 COLLATE=utf8mb4_unicode_ci;

-- --------------------------------------------------------

--
-- Table structure for table `faqs`
--

DROP TABLE IF EXISTS `faqs`;
CREATE TABLE IF NOT EXISTS `faqs` (
  `id` int(11) NOT NULL AUTO_INCREMENT,
  `question_ar` varchar(500) NOT NULL,
  `question_en` varchar(500) NOT NULL,
  `answer_ar` text NOT NULL,
  `answer_en` text NOT NULL,
  `created_at` timestamp NULL DEFAULT NULL,
  `updated_at` timestamp NULL DEFAULT NULL,
  `deleted_at` timestamp NULL DEFAULT NULL,
  PRIMARY KEY (`id`)
) ENGINE=MyISAM AUTO_INCREMENT=10 DEFAULT CHARSET=utf8;

--
-- Dumping data for table `faqs`
--

INSERT INTO `faqs` (`id`, `question_ar`, `question_en`, `answer_ar`, `answer_en`, `created_at`, `updated_at`, `deleted_at`) VALUES
(1, 'السؤال الشائع الأول و الإجابة عليه', 'The first common question and its answer', 'هذا النص هو مثال لنص يمكن أن يستبدل في نفس المساحة، لقد تم توليد هذا النص من مولد النص العربى هذا النص هو مثال لنص يمكن أن يستبدل في نفس المساحة، لقد تم توليد هذا النص من مولد النص العربى هذا النص هو', 'This text is an example of a text that can be replaced in the same space. This text was generated from the Arabic text generator. This text is an example of a text that can be replaced in the same space. This text was generated from the Arabic text generator. This text is', '2021-06-02 05:22:24', '2021-06-19 06:40:06', NULL),
(2, 'السؤال الشائع الثاني و الإجابة عليه', 'The second common question and its answer', 'هذا النص هو مثال لنص يمكن أن يستبدل في نفس المساحة، لقد تم توليد هذا النص من مولد النص العربى هذا النص هو مثال لنص يمكن أن يستبدل في نفس المساحة، لقد تم توليد هذا النص من مولد النص العربى هذا النص هو', 'This text is an example of a text that can be replaced in the same space. This text was generated from the Arabic text generator. This text is an example of a text that can be replaced in the same space. This text was generated from the Arabic text generator. This text is', '2021-06-02 05:22:24', '2021-06-13 07:16:08', NULL),
(3, 'السؤال الشائع الثاني و الإجابة عليه', 'The second common question and its answer', 'هذا النص هو مثال لنص يمكن أن يستبدل في نفس المساحة، لقد تم توليد هذا النص من مولد النص العربى هذا النص هو مثال لنص يمكن أن يستبدل في نفس المساحة، لقد تم توليد هذا النص من مولد النص العربى هذا النص هو ', 'This text is an example of a text that can be replaced in the same space. This text was generated from the Arabic text generator. This text is an example of a text that can be replaced in the same space. This text was generated from the Arabic text generator. This text is', '2021-06-02 05:22:24', '2021-06-02 05:22:24', NULL),
(4, 'السؤال الشائع الرابع و الإجابة عليه', 'The fourth common question and its answer', 'هذا النص هو مثال لنص يمكن أن يستبدل في نفس المساحة، لقد تم توليد هذا النص من مولد النص العربى هذا النص هو مثال لنص يمكن أن يستبدل في نفس المساحة، لقد تم توليد هذا النص من مولد النص العربى هذا النص هو ', 'This text is an example of a text that can be replaced in the same space. This text was generated from the Arabic text generator. This text is an example of a text that can be replaced in the same space. This text was generated from the Arabic text generator. This text is', '2021-06-02 05:22:24', '2021-06-02 05:22:24', NULL),
(5, 'مواعيد العمل؟', 'times of work?', '<p></p>الأحد - 9 صباحا - 9 مساء <p></p>\n <p> الأثنين - 9 صباحا - 9 مساء</p>\n <p> الثلاثاء - 9 صباحا - 9 مساء</p>\n<p> الربعاء - 9 صباحا - 9 مساء</p>\n<p> الخيمس - 9 صباحا - 9 مساء</p>\n<p> الجمعه - مغلق</p>\n<p> السبت - 9 صباحا - 9 مساء</p>', '<p></p>Sunday - 9 am - 9 pm <p></p>\n <p>Monday - 9 am - 9 pm</p><p>Tuesday - 9 am - 9 pm</p><p>Wednesday - 9 am - 9 pm</p><p>Thursday - 9 am - 9 pm</p><p>Friday - closed</p><p>Saturday - 9 am - 9 pm</p>', '2021-06-02 05:22:24', '2021-06-13 07:17:29', NULL),
(6, 'wef', 'ewfwef', '<p><br></p>', '<p><br></p>', '2021-06-13 07:06:15', '2021-06-13 07:06:52', '2021-06-13 07:06:52'),
(7, 'wef', 'ewfwef', '<p>ewfwef</p>', '<p>wefwefwef</p>', '2021-06-13 07:06:18', '2021-06-13 07:06:54', '2021-06-13 07:06:54'),
(8, 'wef', 'ewfwef', '<p>ewfwef</p>', '<p>wefwefwef</p>', '2021-06-13 07:06:24', '2021-06-13 07:06:55', '2021-06-13 07:06:55'),
(9, 'wef', 'ewfwef', '<p>ewfwef</p>', '<p>wefwefwef</p>', '2021-06-13 07:06:45', '2021-06-13 07:06:56', '2021-06-13 07:06:56');

-- --------------------------------------------------------

--
-- Table structure for table `general_settings`
--

DROP TABLE IF EXISTS `general_settings`;
CREATE TABLE IF NOT EXISTS `general_settings` (
  `id` int(11) NOT NULL AUTO_INCREMENT,
  `_key` varchar(50) NOT NULL,
  `_value` varchar(1500) NOT NULL,
  PRIMARY KEY (`id`)
) ENGINE=MyISAM AUTO_INCREMENT=24 DEFAULT CHARSET=utf8;

--
-- Dumping data for table `general_settings`
--

INSERT INTO `general_settings` (`id`, `_key`, `_value`) VALUES
(1, 'app_name_ar', 'الجينوم الإماراتي'),
(2, 'app_name_en', 'Emirati Genome'),
(3, 'app_logo_ar', 'logo.png'),
(4, 'app_logo_en', 'logo.png'),
(5, 'footer_logo', 'footer-logo.png'),
(6, 'footer_group_logo', 'group-logo.png'),
(7, 'contact_email', 'emiratigenome@g42.ai'),
(8, 'contact_phone', '800 823 436663'),
(9, 'instagram', '#'),
(10, 'twitter', '#'),
(11, 'telegram', '#'),
(12, 'whatsapp', '#'),
(13, 'address_ar', 'مختبرات للرعاية الصحية - مصدر - أبوظبي'),
(22, 'google_maps_api_key', 'AIzaSyDr-YsjBJ8COGGTmvJtGqtbDQRB6AXSIAI'),
(14, 'address_en', 'Group 42 Holding Ltd 2301, 23rd Floor, Al Khatem                                                         Building Abu Dhabi Global Market Abu Dhabi, United Arab Emirates'),
(15, 'location_url', '#'),
(16, 'sampling_site_url', '#'),
(17, 'website', 'www.emiratigenomeprogram.ae'),
(18, 'login_url', '#'),
(19, 'background_video_url', '83975_1611478161.mp4'),
(20, 'linkedin', '#'),
(21, 'facebook', '#'),
(23, 'program_overview_url', 'https://online.flippingbook.com/view/390172748');

-- --------------------------------------------------------

--
-- Table structure for table `home_slider_ads`
--

DROP TABLE IF EXISTS `home_slider_ads`;
CREATE TABLE IF NOT EXISTS `home_slider_ads` (
  `id` int(11) NOT NULL AUTO_INCREMENT,
  `title_ar` varchar(500) DEFAULT NULL,
  `title_en` varchar(500) DEFAULT NULL,
  `description_ar` varchar(1500) DEFAULT NULL,
  `description_en` varchar(1500) DEFAULT NULL,
  `media_type` enum('image','video') NOT NULL,
  `media_url` varchar(800) NOT NULL,
  `active` tinyint(1) NOT NULL DEFAULT '1',
  `created_at` timestamp NULL DEFAULT NULL,
  `updated_at` timestamp NULL DEFAULT NULL,
  `deleted_at` timestamp NULL DEFAULT NULL,
  PRIMARY KEY (`id`)
) ENGINE=InnoDB AUTO_INCREMENT=6 DEFAULT CHARSET=utf8;

--
-- Dumping data for table `home_slider_ads`
--

INSERT INTO `home_slider_ads` (`id`, `title_ar`, `title_en`, `description_ar`, `description_en`, `media_type`, `media_url`, `active`, `created_at`, `updated_at`, `deleted_at`) VALUES
(1, 'برنامج الجينوم الإماراتي', 'Emirati Genome Program', 'انطلاقا من حرص قيادتنا الرشيدة على الارتقاء بالرعاية الصحية المقدمة لمواطني\r\n                        دولة الإمارات وإرساء\r\n                        مكانة الدولة كمركز للبحوث والابتكار في مجال الجينوم، تأتي فكرة برنامج الجينوم الإماراتي لتعزيز\r\n                        هذه الأهداف الاستراتيجية الفريدة من نوعها في دولة الإمارات العربية المتحدة.', 'Stemming from the keenness of our wise leadership to improve the health care provided to UAE citizens and establish the country’s position as a center for research and innovation in the field of genomics, the idea of the Emirati Genome Program comes to promote these unique strategic goals in the UAE.', 'image', 'family.png', 1, '2021-02-16 04:16:00', '2021-02-16 04:16:00', NULL),
(4, 'عنوان جديد هنا', 'New title here ..', 'انطلاقا من حرص قيادتنا الرشيدة على الارتقاء بالرعاية الصحية المقدمة لمواطني\r\n                        دولة الإمارات وإرساء\r\n                        مكانة الدولة كمركز للبحوث والابتكار في مجال الجينوم، تأتي فكرة برنامج الجينوم الإماراتي لتعزيز\r\n                        هذه الأهداف الاستراتيجية الفريدة من نوعها في دولة الإمارات العربية المتحدة.', 'Stemming from the keenness of our wise leadership to improve the health care provided to UAE citizens and establish the country’s position as a center for research and innovation in the field of genomics, the idea of the Emirati Genome Program comes to promote these unique strategic goals in the UAE.', 'image', 'H2.jpg', 1, '2021-02-16 04:16:00', '2021-02-16 04:16:00', NULL),
(5, 'عنوان الإعلان (عربي)', 'عنوان الإعلان (English)', 'وصف قصير (عربي)\r\n وصف قصير (عربي)\r\nوصف قصير (عربي)', 'وصف قصير (English)\r\n وصف قصير (English)\r\nوصف قصير (English)\r\nوصف قصير (English)', 'image', '74819_1623561498.png', 1, '2021-06-13 06:15:56', '2021-06-13 06:18:38', '2021-06-13 06:18:38');

-- --------------------------------------------------------

--
-- Table structure for table `media`
--

DROP TABLE IF EXISTS `media`;
CREATE TABLE IF NOT EXISTS `media` (
  `id` int(11) NOT NULL AUTO_INCREMENT,
  `thump_url` varchar(750) DEFAULT NULL,
  `media_url` varchar(750) DEFAULT NULL,
  `media_type` enum('image','image_album','video') NOT NULL,
  `title_ar` varchar(1500) DEFAULT NULL,
  `title_en` varchar(1500) DEFAULT NULL,
  `created_at` timestamp NULL DEFAULT NULL,
  `updated_at` timestamp NULL DEFAULT NULL,
  PRIMARY KEY (`id`)
) ENGINE=InnoDB AUTO_INCREMENT=7 DEFAULT CHARSET=utf8;

--
-- Dumping data for table `media`
--

INSERT INTO `media` (`id`, `thump_url`, `media_url`, `media_type`, `title_ar`, `title_en`, `created_at`, `updated_at`) VALUES
(1, 'news1.png', NULL, 'image_album', 'البوم افتتاح مواقع اخد العينات في مدينة أبو ظبي', 'Album opening of sampling sites in Abu Dhabi city', NULL, NULL),
(2, 'section3.png', NULL, 'image_album', 'البوم افتتاح مواقع اخد العينات في مدينة أبو ظبي', 'Album opening of sampling sites in Abu Dhabi city', NULL, NULL),
(3, '99724_1623578624.png', '#', 'image_album', 'البوم افتتاح مواقع اخد العينات في مدينة أبو ظبي', 'Album opening of sampling sites in Abu Dhabi city', NULL, '2021-06-13 11:03:44'),
(4, 'video-cover.png', '40747_1623578322.mp4', 'video', 'البوم افتتاح مواقع اخد العينات في مدينة أبو ظبي', 'Album opening of sampling sites in Abu Dhabi city', NULL, '2021-06-13 10:58:44'),
(5, 'video-cover.png', 'main-video.mp4', 'video', 'البوم افتتاح مواقع اخد العينات في مدينة أبو ظبي', 'Album opening of sampling sites in Abu Dhabi city', NULL, NULL),
(6, 'album.png', 'main-video.mp4', 'video', 'البوم افتتاح مواقع اخد العينات في مدينة أبو ظبي', 'Album opening of sampling sites in Abu Dhabi city', NULL, NULL);

-- --------------------------------------------------------

--
-- Table structure for table `media_items`
--

DROP TABLE IF EXISTS `media_items`;
CREATE TABLE IF NOT EXISTS `media_items` (
  `id` int(11) NOT NULL AUTO_INCREMENT,
  `media_id` int(11) NOT NULL,
  `media_url` varchar(750) NOT NULL,
  PRIMARY KEY (`id`),
  KEY `media_id` (`media_id`)
) ENGINE=InnoDB AUTO_INCREMENT=8 DEFAULT CHARSET=utf8;

--
-- Dumping data for table `media_items`
--

INSERT INTO `media_items` (`id`, `media_id`, `media_url`) VALUES
(1, 1, 'news1.png'),
(2, 1, 'H2.jpg'),
(3, 1, 'news3.png'),
(4, 2, 'album.png'),
(5, 2, 'section3.png'),
(6, 3, 'news2.png'),
(7, 3, 'news4.png');

-- --------------------------------------------------------

--
-- Table structure for table `migrations`
--

DROP TABLE IF EXISTS `migrations`;
CREATE TABLE IF NOT EXISTS `migrations` (
  `id` int(10) UNSIGNED NOT NULL AUTO_INCREMENT,
  `migration` varchar(191) COLLATE utf8mb4_unicode_ci NOT NULL,
  `batch` int(11) NOT NULL,
  PRIMARY KEY (`id`)
) ENGINE=MyISAM AUTO_INCREMENT=4 DEFAULT CHARSET=utf8mb4 COLLATE=utf8mb4_unicode_ci;

--
-- Dumping data for table `migrations`
--

INSERT INTO `migrations` (`id`, `migration`, `batch`) VALUES
(1, '2014_10_12_000000_create_users_table', 1),
(2, '2014_10_12_100000_create_password_resets_table', 1),
(3, '2019_08_19_000000_create_failed_jobs_table', 1);

-- --------------------------------------------------------

--
-- Table structure for table `news`
--

DROP TABLE IF EXISTS `news`;
CREATE TABLE IF NOT EXISTS `news` (
  `id` int(11) NOT NULL AUTO_INCREMENT,
  `title_ar` varchar(1000) NOT NULL,
  `title_en` varchar(1000) NOT NULL,
  `nav_title_ar` text,
  `nav_title_en` text,
  `details_ar` text,
  `details_en` text,
  `image_url` varchar(750) DEFAULT NULL,
  `date` datetime DEFAULT NULL,
  `created_at` timestamp NULL DEFAULT NULL,
  `updated_at` timestamp NULL DEFAULT NULL,
  `deleted_at` timestamp NULL DEFAULT NULL,
  PRIMARY KEY (`id`)
) ENGINE=MyISAM AUTO_INCREMENT=9 DEFAULT CHARSET=utf8;

--
-- Dumping data for table `news`
--

INSERT INTO `news` (`id`, `title_ar`, `title_en`, `nav_title_ar`, `nav_title_en`, `details_ar`, `details_en`, `image_url`, `date`, `created_at`, `updated_at`, `deleted_at`) VALUES
(1, 'الجينوم الإماراتي ووزارة الصحة', 'The UAE genome and the Ministry of Health', 'انطلاقا من حرص قيادتنا الرشيدة على الارتقاء بالرعاية الصحية المقدمة لمواطني دولة الإمارات وإرساء مكانة الدولة كمركز للبحوث والابتكار في مجال الجينوم،.', 'Based on the keenness of our wise leadership to improve the health care provided to the citizens of the UAE and establish the country’s position as a center for research and innovation in the field of genomics.', 'خَلَق الله سبحانه وتعالى الإنسان في أحسن صورة وتقويم، كما كرّمه على جميع الخلائق بما أنعم عليه من نعم كثيرة، وشرّفه دون غيره من المخلوقات بعمارة هذه الأرض، والإرتقاء بساكنيها بما وهبه الله سبحانه وتعالى من قدرات استثنائية تؤهله للقيام بهذا الدور المناط به. وانطلاقاً من أهمية صحة الإنسان التي تشكل إحدى أبرز العوامل المساعدة له لتحقيق ذاته، وخدمة تطلعات أمته ومجتمعه، أولت حكومة الشيخ محمد بن زايد ـ حفظه الله ـ جل رعايتها واهتمامها بالقطاع الصحي في الإمارات العربية المتحدة، بوصفه أحد القطاعات الحيوية الداعمة لصحة وسلامة أبناء هذا الوطن المعطاء.\n\nومن أوجه تلك الرعاية الصحية، إطلاق برنامج الجينوم الإماراتي الذي تنفذه مجموعة جي فورتي تو للعناية الصحية بهدف الحد والوقاية من الأمراض الوراثية والجينية، ووضع حجر الأساس لتطوير الطب الشخصي، الأمر الذي يشكل أحد القفزات الطبية العملاقة الهادفة للتوصل للجينات المسؤولة عن الأمراض الوراثية التي تظهر في الإمارات .خَلَق الله سبحانه وتعالى الإنسان في أحسن صورة وتقويم، كما كرّمه على جميع الخلائق بما أنعم عليه من نعم كثيرة، وشرّفه دون غيره من المخلوقات بعمارة هذه الأرض، والإرتقاء بساكنيها بما وهبه الله سبحانه وتعالى من قدرات استثنائية تؤهله للقيام بهذا الدور المناط به. وانطلاقاً من أهمية صحة الإنسان التي تشكل إحدى أبرز العوامل المساعدة له لتحقيق ذاته، وخدمة تطلعات أمته ومجتمعه، أولت حكومة الشيخ محمد بن زايد ـ حفظه الله ـ جل رعايتها واهتمامها بالقطاع الصحي في الإمارات العربية المتحدة، بوصفه أحد القطاعات الحيوية الداعمة لصحة وسلامة أبناء هذا الوطن المعطاء.\n\nومن أوجه تلك الرعاية الصحية، إطلاق برنامج الجينوم الإماراتي الذي تنفذه مجموعة جي فورتي تو للعناية الصحية بهدف الحد والوقاية من الأمراض الوراثية والجينية، ووضع حجر الأساس لتطوير الطب الشخصي، الأمر الذي يشكل أحد القفزات الطبية العملاقة الهادفة للتوصل للجينات المسؤولة عن الأمراض الوراثية التي تظهر في الإمارات .', 'God Almighty created man in the best and most correct image, and honored him over all creatures with the many blessings he bestowed upon him, and honored him, above all other creatures, by building this earth and elevating its inhabitants with the exceptional abilities granted by God Almighty that qualify him to perform this role assigned to him. Proceeding from the importance of human health, which constitutes one of the most important factors that help him to achieve himself and serve the aspirations of his nation and society, the government of Sheikh Mohammed bin Zayed - may God protect him - has given most of its care and attention to the health sector in the United Arab Emirates, as it is one of the vital sectors that support the health and safety of the people of this country benefactor;\n\nAmong the aspects of this health care is the launch of the UAE Genome Program implemented by the G Forte Two Healthcare Group with the aim of reducing and preventing genetic and genetic diseases, and laying the foundation stone for the development of personalized medicine, which constitutes one of the giant medical leaps aimed at finding the genes responsible for genetic diseases that appear in Emirates. God Almighty created man in the best image and setting. He also honored him over all creatures with the many blessings he bestowed upon him, and honored him, above all other creatures, by building this land and elevating its inhabitants with the exceptional abilities granted by God Almighty to qualify him to perform this role assigned to him. Proceeding from the importance of human health, which constitutes one of the most important factors helping him to achieve himself and serve the aspirations of his nation and society, the government of Sheikh Mohammed bin Zayed - may God protect him - has given all of its care and attention to the health sector in the United Arab Emirates, as it is one of the vital sectors that support the health and safety of the people of this country benefactor;\n\nAmong the aspects of this health care is the launch of the UAE Genome Program implemented by the G Forte Two Healthcare Group with the aim of reducing and preventing genetic and genetic diseases, and laying the foundation stone for the development of personalized medicine, which constitutes one of the giant medical leaps aimed at finding the genes responsible for genetic diseases that appear in UAE .', '40404_1625464136.png', '2021-06-08 13:20:20', '2021-06-08 10:20:20', '2021-07-05 06:48:56', NULL),
(2, 'الجينوم الإماراتي ووزارة الصحة', 'The UAE genome and the Ministry of Health', 'انطلاقا من حرص قيادتنا الرشيدة على الارتقاء بالرعاية الصحية المقدمة لمواطني دولة الإمارات وإرساء مكانة الدولة كمركز للبحوث والابتكار في مجال الجينوم،.', 'Based on the keenness of our wise leadership to improve the health care provided to the citizens of the UAE and establish the country’s position as a center for research and innovation in the field of genomics.', 'خَلَق الله سبحانه وتعالى الإنسان في أحسن صورة وتقويم، كما كرّمه على جميع الخلائق بما أنعم عليه من نعم كثيرة، وشرّفه دون غيره من المخلوقات بعمارة هذه الأرض، والإرتقاء بساكنيها بما وهبه الله سبحانه وتعالى من قدرات استثنائية تؤهله للقيام بهذا الدور المناط به. وانطلاقاً من أهمية صحة الإنسان التي تشكل إحدى أبرز العوامل المساعدة له لتحقيق ذاته، وخدمة تطلعات أمته ومجتمعه، أولت حكومة الشيخ محمد بن زايد ـ حفظه الله ـ جل رعايتها واهتمامها بالقطاع الصحي في الإمارات العربية المتحدة، بوصفه أحد القطاعات الحيوية الداعمة لصحة وسلامة أبناء هذا الوطن المعطاء.\r\n\r\nومن أوجه تلك الرعاية الصحية، إطلاق برنامج الجينوم الإماراتي الذي تنفذه مجموعة جي فورتي تو للعناية الصحية بهدف الحد والوقاية من الأمراض الوراثية والجينية، ووضع حجر الأساس لتطوير الطب الشخصي، الأمر الذي يشكل أحد القفزات الطبية العملاقة الهادفة للتوصل للجينات المسؤولة عن الأمراض الوراثية التي تظهر في الإمارات .خَلَق الله سبحانه وتعالى الإنسان في أحسن صورة وتقويم، كما كرّمه على جميع الخلائق بما أنعم عليه من نعم كثيرة، وشرّفه دون غيره من المخلوقات بعمارة هذه الأرض، والإرتقاء بساكنيها بما وهبه الله سبحانه وتعالى من قدرات استثنائية تؤهله للقيام بهذا الدور المناط به. وانطلاقاً من أهمية صحة الإنسان التي تشكل إحدى أبرز العوامل المساعدة له لتحقيق ذاته، وخدمة تطلعات أمته ومجتمعه، أولت حكومة الشيخ محمد بن زايد ـ حفظه الله ـ جل رعايتها واهتمامها بالقطاع الصحي في الإمارات العربية المتحدة، بوصفه أحد القطاعات الحيوية الداعمة لصحة وسلامة أبناء هذا الوطن المعطاء.\r\n\r\nومن أوجه تلك الرعاية الصحية، إطلاق برنامج الجينوم الإماراتي الذي تنفذه مجموعة جي فورتي تو للعناية الصحية بهدف الحد والوقاية من الأمراض الوراثية والجينية، ووضع حجر الأساس لتطوير الطب الشخصي، الأمر الذي يشكل أحد القفزات الطبية العملاقة الهادفة للتوصل للجينات المسؤولة عن الأمراض الوراثية التي تظهر في الإمارات .', 'God Almighty created man in the best and most correct image, and honored him over all creatures with the many blessings he bestowed upon him, and honored him, above all other creatures, by building this earth and elevating its inhabitants with the exceptional abilities granted by God Almighty that qualify him to perform this role assigned to him. Proceeding from the importance of human health, which constitutes one of the most important factors that help him to achieve himself and serve the aspirations of his nation and society, the government of Sheikh Mohammed bin Zayed - may God protect him - has given most of its care and attention to the health sector in the United Arab Emirates, as it is one of the vital sectors that support the health and safety of the people of this country benefactor;\r\n\r\nAmong the aspects of this health care is the launch of the UAE Genome Program implemented by the G Forte Two Healthcare Group with the aim of reducing and preventing genetic and genetic diseases, and laying the foundation stone for the development of personalized medicine, which constitutes one of the giant medical leaps aimed at finding the genes responsible for genetic diseases that appear in Emirates. God Almighty created man in the best image and setting. He also honored him over all creatures with the many blessings he bestowed upon him, and honored him, above all other creatures, by building this land and elevating its inhabitants with the exceptional abilities granted by God Almighty to qualify him to perform this role assigned to him. Proceeding from the importance of human health, which constitutes one of the most important factors helping him to achieve himself and serve the aspirations of his nation and society, the government of Sheikh Mohammed bin Zayed - may God protect him - has given all of its care and attention to the health sector in the United Arab Emirates, as it is one of the vital sectors that support the health and safety of the people of this country benefactor;\r\n\r\nAmong the aspects of this health care is the launch of the UAE Genome Program implemented by the G Forte Two Healthcare Group with the aim of reducing and preventing genetic and genetic diseases, and laying the foundation stone for the development of personalized medicine, which constitutes one of the giant medical leaps aimed at finding the genes responsible for genetic diseases that appear in UAE .', 'news2.png', '2021-06-08 13:20:20', '2021-06-08 10:20:20', '2021-06-08 10:20:20', NULL),
(3, 'الجينوم الإماراتي ووزارة الصحة', 'The UAE genome and the Ministry of Health', 'انطلاقا من حرص قيادتنا الرشيدة على الارتقاء بالرعاية الصحية المقدمة لمواطني دولة الإمارات وإرساء مكانة الدولة كمركز للبحوث والابتكار في مجال الجينوم،.', 'Based on the keenness of our wise leadership to improve the health care provided to the citizens of the UAE and establish the country’s position as a center for research and innovation in the field of genomics.', 'خَلَق الله سبحانه وتعالى الإنسان في أحسن صورة وتقويم، كما كرّمه على جميع الخلائق بما أنعم عليه من نعم كثيرة، وشرّفه دون غيره من المخلوقات بعمارة هذه الأرض، والإرتقاء بساكنيها بما وهبه الله سبحانه وتعالى من قدرات استثنائية تؤهله للقيام بهذا الدور المناط به. وانطلاقاً من أهمية صحة الإنسان التي تشكل إحدى أبرز العوامل المساعدة له لتحقيق ذاته، وخدمة تطلعات أمته ومجتمعه، أولت حكومة الشيخ محمد بن زايد ـ حفظه الله ـ جل رعايتها واهتمامها بالقطاع الصحي في الإمارات العربية المتحدة، بوصفه أحد القطاعات الحيوية الداعمة لصحة وسلامة أبناء هذا الوطن المعطاء.\r\n\r\nومن أوجه تلك الرعاية الصحية، إطلاق برنامج الجينوم الإماراتي الذي تنفذه مجموعة جي فورتي تو للعناية الصحية بهدف الحد والوقاية من الأمراض الوراثية والجينية، ووضع حجر الأساس لتطوير الطب الشخصي، الأمر الذي يشكل أحد القفزات الطبية العملاقة الهادفة للتوصل للجينات المسؤولة عن الأمراض الوراثية التي تظهر في الإمارات .خَلَق الله سبحانه وتعالى الإنسان في أحسن صورة وتقويم، كما كرّمه على جميع الخلائق بما أنعم عليه من نعم كثيرة، وشرّفه دون غيره من المخلوقات بعمارة هذه الأرض، والإرتقاء بساكنيها بما وهبه الله سبحانه وتعالى من قدرات استثنائية تؤهله للقيام بهذا الدور المناط به. وانطلاقاً من أهمية صحة الإنسان التي تشكل إحدى أبرز العوامل المساعدة له لتحقيق ذاته، وخدمة تطلعات أمته ومجتمعه، أولت حكومة الشيخ محمد بن زايد ـ حفظه الله ـ جل رعايتها واهتمامها بالقطاع الصحي في الإمارات العربية المتحدة، بوصفه أحد القطاعات الحيوية الداعمة لصحة وسلامة أبناء هذا الوطن المعطاء.\r\n\r\nومن أوجه تلك الرعاية الصحية، إطلاق برنامج الجينوم الإماراتي الذي تنفذه مجموعة جي فورتي تو للعناية الصحية بهدف الحد والوقاية من الأمراض الوراثية والجينية، ووضع حجر الأساس لتطوير الطب الشخصي، الأمر الذي يشكل أحد القفزات الطبية العملاقة الهادفة للتوصل للجينات المسؤولة عن الأمراض الوراثية التي تظهر في الإمارات .', 'God Almighty created man in the best and most correct image, and honored him over all creatures with the many blessings he bestowed upon him, and honored him, above all other creatures, by building this earth and elevating its inhabitants with the exceptional abilities granted by God Almighty that qualify him to perform this role assigned to him. Proceeding from the importance of human health, which constitutes one of the most important factors that help him to achieve himself and serve the aspirations of his nation and society, the government of Sheikh Mohammed bin Zayed - may God protect him - has given most of its care and attention to the health sector in the United Arab Emirates, as it is one of the vital sectors that support the health and safety of the people of this country benefactor;\r\n\r\nAmong the aspects of this health care is the launch of the UAE Genome Program implemented by the G Forte Two Healthcare Group with the aim of reducing and preventing genetic and genetic diseases, and laying the foundation stone for the development of personalized medicine, which constitutes one of the giant medical leaps aimed at finding the genes responsible for genetic diseases that appear in Emirates. God Almighty created man in the best image and setting. He also honored him over all creatures with the many blessings he bestowed upon him, and honored him, above all other creatures, by building this land and elevating its inhabitants with the exceptional abilities granted by God Almighty to qualify him to perform this role assigned to him. Proceeding from the importance of human health, which constitutes one of the most important factors helping him to achieve himself and serve the aspirations of his nation and society, the government of Sheikh Mohammed bin Zayed - may God protect him - has given all of its care and attention to the health sector in the United Arab Emirates, as it is one of the vital sectors that support the health and safety of the people of this country benefactor;\r\n\r\nAmong the aspects of this health care is the launch of the UAE Genome Program implemented by the G Forte Two Healthcare Group with the aim of reducing and preventing genetic and genetic diseases, and laying the foundation stone for the development of personalized medicine, which constitutes one of the giant medical leaps aimed at finding the genes responsible for genetic diseases that appear in UAE .', 'news3.png', '2021-06-08 13:20:20', '2021-06-08 10:20:20', '2021-06-08 10:20:20', NULL),
(4, 'الجينوم الإماراتي ووزارة الصحة', 'The UAE genome and the Ministry of Health', 'انطلاقا من حرص قيادتنا الرشيدة على الارتقاء بالرعاية الصحية المقدمة لمواطني دولة الإمارات وإرساء مكانة الدولة كمركز للبحوث والابتكار في مجال الجينوم،.', 'Based on the keenness of our wise leadership to improve the health care provided to the citizens of the UAE and establish the country’s position as a center for research and innovation in the field of genomics.', 'خَلَق الله سبحانه وتعالى الإنسان في أحسن صورة وتقويم، كما كرّمه على جميع الخلائق بما أنعم عليه من نعم كثيرة، وشرّفه دون غيره من المخلوقات بعمارة هذه الأرض، والإرتقاء بساكنيها بما وهبه الله سبحانه وتعالى من قدرات استثنائية تؤهله للقيام بهذا الدور المناط به. وانطلاقاً من أهمية صحة الإنسان التي تشكل إحدى أبرز العوامل المساعدة له لتحقيق ذاته، وخدمة تطلعات أمته ومجتمعه، أولت حكومة الشيخ محمد بن زايد ـ حفظه الله ـ جل رعايتها واهتمامها بالقطاع الصحي في الإمارات العربية المتحدة، بوصفه أحد القطاعات الحيوية الداعمة لصحة وسلامة أبناء هذا الوطن المعطاء.\r\n\r\nومن أوجه تلك الرعاية الصحية، إطلاق برنامج الجينوم الإماراتي الذي تنفذه مجموعة جي فورتي تو للعناية الصحية بهدف الحد والوقاية من الأمراض الوراثية والجينية، ووضع حجر الأساس لتطوير الطب الشخصي، الأمر الذي يشكل أحد القفزات الطبية العملاقة الهادفة للتوصل للجينات المسؤولة عن الأمراض الوراثية التي تظهر في الإمارات .خَلَق الله سبحانه وتعالى الإنسان في أحسن صورة وتقويم، كما كرّمه على جميع الخلائق بما أنعم عليه من نعم كثيرة، وشرّفه دون غيره من المخلوقات بعمارة هذه الأرض، والإرتقاء بساكنيها بما وهبه الله سبحانه وتعالى من قدرات استثنائية تؤهله للقيام بهذا الدور المناط به. وانطلاقاً من أهمية صحة الإنسان التي تشكل إحدى أبرز العوامل المساعدة له لتحقيق ذاته، وخدمة تطلعات أمته ومجتمعه، أولت حكومة الشيخ محمد بن زايد ـ حفظه الله ـ جل رعايتها واهتمامها بالقطاع الصحي في الإمارات العربية المتحدة، بوصفه أحد القطاعات الحيوية الداعمة لصحة وسلامة أبناء هذا الوطن المعطاء.\r\n\r\nومن أوجه تلك الرعاية الصحية، إطلاق برنامج الجينوم الإماراتي الذي تنفذه مجموعة جي فورتي تو للعناية الصحية بهدف الحد والوقاية من الأمراض الوراثية والجينية، ووضع حجر الأساس لتطوير الطب الشخصي، الأمر الذي يشكل أحد القفزات الطبية العملاقة الهادفة للتوصل للجينات المسؤولة عن الأمراض الوراثية التي تظهر في الإمارات .', 'God Almighty created man in the best and most correct image, and honored him over all creatures with the many blessings he bestowed upon him, and honored him, above all other creatures, by building this earth and elevating its inhabitants with the exceptional abilities granted by God Almighty that qualify him to perform this role assigned to him. Proceeding from the importance of human health, which constitutes one of the most important factors that help him to achieve himself and serve the aspirations of his nation and society, the government of Sheikh Mohammed bin Zayed - may God protect him - has given most of its care and attention to the health sector in the United Arab Emirates, as it is one of the vital sectors that support the health and safety of the people of this country benefactor;\r\n\r\nAmong the aspects of this health care is the launch of the UAE Genome Program implemented by the G Forte Two Healthcare Group with the aim of reducing and preventing genetic and genetic diseases, and laying the foundation stone for the development of personalized medicine, which constitutes one of the giant medical leaps aimed at finding the genes responsible for genetic diseases that appear in Emirates. God Almighty created man in the best image and setting. He also honored him over all creatures with the many blessings he bestowed upon him, and honored him, above all other creatures, by building this land and elevating its inhabitants with the exceptional abilities granted by God Almighty to qualify him to perform this role assigned to him. Proceeding from the importance of human health, which constitutes one of the most important factors helping him to achieve himself and serve the aspirations of his nation and society, the government of Sheikh Mohammed bin Zayed - may God protect him - has given all of its care and attention to the health sector in the United Arab Emirates, as it is one of the vital sectors that support the health and safety of the people of this country benefactor;\r\n\r\nAmong the aspects of this health care is the launch of the UAE Genome Program implemented by the G Forte Two Healthcare Group with the aim of reducing and preventing genetic and genetic diseases, and laying the foundation stone for the development of personalized medicine, which constitutes one of the giant medical leaps aimed at finding the genes responsible for genetic diseases that appear in UAE .', 'news4.png', '2021-06-08 13:20:20', '2021-06-08 10:20:20', '2021-06-08 10:20:20', NULL),
(5, 'الجينوم الإماراتي ووزارة الصحة', 'The UAE genome and the Ministry of Health', 'انطلاقا من حرص قيادتنا الرشيدة على الارتقاء بالرعاية الصحية المقدمة لمواطني دولة الإمارات وإرساء مكانة الدولة كمركز للبحوث والابتكار في مجال الجينوم،.', 'Based on the keenness of our wise leadership to improve the health care provided to the citizens of the UAE and establish the country’s position as a center for research and innovation in the field of genomics.', 'خَلَق الله سبحانه وتعالى الإنسان في أحسن صورة وتقويم، كما كرّمه على جميع الخلائق بما أنعم عليه من نعم كثيرة، وشرّفه دون غيره من المخلوقات بعمارة هذه الأرض، والإرتقاء بساكنيها بما وهبه الله سبحانه وتعالى من قدرات استثنائية تؤهله للقيام بهذا الدور المناط به. وانطلاقاً من أهمية صحة الإنسان التي تشكل إحدى أبرز العوامل المساعدة له لتحقيق ذاته، وخدمة تطلعات أمته ومجتمعه، أولت حكومة الشيخ محمد بن زايد ـ حفظه الله ـ جل رعايتها واهتمامها بالقطاع الصحي في الإمارات العربية المتحدة، بوصفه أحد القطاعات الحيوية الداعمة لصحة وسلامة أبناء هذا الوطن المعطاء.\r\n\r\nومن أوجه تلك الرعاية الصحية، إطلاق برنامج الجينوم الإماراتي الذي تنفذه مجموعة جي فورتي تو للعناية الصحية بهدف الحد والوقاية من الأمراض الوراثية والجينية، ووضع حجر الأساس لتطوير الطب الشخصي، الأمر الذي يشكل أحد القفزات الطبية العملاقة الهادفة للتوصل للجينات المسؤولة عن الأمراض الوراثية التي تظهر في الإمارات .خَلَق الله سبحانه وتعالى الإنسان في أحسن صورة وتقويم، كما كرّمه على جميع الخلائق بما أنعم عليه من نعم كثيرة، وشرّفه دون غيره من المخلوقات بعمارة هذه الأرض، والإرتقاء بساكنيها بما وهبه الله سبحانه وتعالى من قدرات استثنائية تؤهله للقيام بهذا الدور المناط به. وانطلاقاً من أهمية صحة الإنسان التي تشكل إحدى أبرز العوامل المساعدة له لتحقيق ذاته، وخدمة تطلعات أمته ومجتمعه، أولت حكومة الشيخ محمد بن زايد ـ حفظه الله ـ جل رعايتها واهتمامها بالقطاع الصحي في الإمارات العربية المتحدة، بوصفه أحد القطاعات الحيوية الداعمة لصحة وسلامة أبناء هذا الوطن المعطاء.\r\n\r\nومن أوجه تلك الرعاية الصحية، إطلاق برنامج الجينوم الإماراتي الذي تنفذه مجموعة جي فورتي تو للعناية الصحية بهدف الحد والوقاية من الأمراض الوراثية والجينية، ووضع حجر الأساس لتطوير الطب الشخصي، الأمر الذي يشكل أحد القفزات الطبية العملاقة الهادفة للتوصل للجينات المسؤولة عن الأمراض الوراثية التي تظهر في الإمارات .', 'God Almighty created man in the best and most correct image, and honored him over all creatures with the many blessings he bestowed upon him, and honored him, above all other creatures, by building this earth and elevating its inhabitants with the exceptional abilities granted by God Almighty that qualify him to perform this role assigned to him. Proceeding from the importance of human health, which constitutes one of the most important factors that help him to achieve himself and serve the aspirations of his nation and society, the government of Sheikh Mohammed bin Zayed - may God protect him - has given most of its care and attention to the health sector in the United Arab Emirates, as it is one of the vital sectors that support the health and safety of the people of this country benefactor;\r\n\r\nAmong the aspects of this health care is the launch of the UAE Genome Program implemented by the G Forte Two Healthcare Group with the aim of reducing and preventing genetic and genetic diseases, and laying the foundation stone for the development of personalized medicine, which constitutes one of the giant medical leaps aimed at finding the genes responsible for genetic diseases that appear in Emirates. God Almighty created man in the best image and setting. He also honored him over all creatures with the many blessings he bestowed upon him, and honored him, above all other creatures, by building this land and elevating its inhabitants with the exceptional abilities granted by God Almighty to qualify him to perform this role assigned to him. Proceeding from the importance of human health, which constitutes one of the most important factors helping him to achieve himself and serve the aspirations of his nation and society, the government of Sheikh Mohammed bin Zayed - may God protect him - has given all of its care and attention to the health sector in the United Arab Emirates, as it is one of the vital sectors that support the health and safety of the people of this country benefactor;\r\n\r\nAmong the aspects of this health care is the launch of the UAE Genome Program implemented by the G Forte Two Healthcare Group with the aim of reducing and preventing genetic and genetic diseases, and laying the foundation stone for the development of personalized medicine, which constitutes one of the giant medical leaps aimed at finding the genes responsible for genetic diseases that appear in UAE .', 'news1.png', '2021-06-23 00:00:00', '2021-06-08 10:20:20', '2021-06-08 10:20:20', NULL),
(6, 'الجينوم الإماراتي ووزارة الصحة', 'The UAE genome and the Ministry of Health', 'انطلاقا من حرص قيادتنا الرشيدة على الارتقاء بالرعاية الصحية المقدمة لمواطني دولة الإمارات وإرساء مكانة الدولة كمركز للبحوث والابتكار في مجال الجينوم،.', 'Based on the keenness of our wise leadership to improve the health care provided to the citizens of the UAE and establish the country’s position as a center for research and innovation in the field of genomics.', 'خَلَق الله سبحانه وتعالى الإنسان في أحسن صورة وتقويم، كما كرّمه على جميع الخلائق بما أنعم عليه من نعم كثيرة، وشرّفه دون غيره من المخلوقات بعمارة هذه الأرض، والإرتقاء بساكنيها بما وهبه الله سبحانه وتعالى من قدرات استثنائية تؤهله للقيام بهذا الدور المناط به. وانطلاقاً من أهمية صحة الإنسان التي تشكل إحدى أبرز العوامل المساعدة له لتحقيق ذاته، وخدمة تطلعات أمته ومجتمعه، أولت حكومة الشيخ محمد بن زايد ـ حفظه الله ـ جل رعايتها واهتمامها بالقطاع الصحي في الإمارات العربية المتحدة، بوصفه أحد القطاعات الحيوية الداعمة لصحة وسلامة أبناء هذا الوطن المعطاء.\r\n\r\nومن أوجه تلك الرعاية الصحية، إطلاق برنامج الجينوم الإماراتي الذي تنفذه مجموعة جي فورتي تو للعناية الصحية بهدف الحد والوقاية من الأمراض الوراثية والجينية، ووضع حجر الأساس لتطوير الطب الشخصي، الأمر الذي يشكل أحد القفزات الطبية العملاقة الهادفة للتوصل للجينات المسؤولة عن الأمراض الوراثية التي تظهر في الإمارات .خَلَق الله سبحانه وتعالى الإنسان في أحسن صورة وتقويم، كما كرّمه على جميع الخلائق بما أنعم عليه من نعم كثيرة، وشرّفه دون غيره من المخلوقات بعمارة هذه الأرض، والإرتقاء بساكنيها بما وهبه الله سبحانه وتعالى من قدرات استثنائية تؤهله للقيام بهذا الدور المناط به. وانطلاقاً من أهمية صحة الإنسان التي تشكل إحدى أبرز العوامل المساعدة له لتحقيق ذاته، وخدمة تطلعات أمته ومجتمعه، أولت حكومة الشيخ محمد بن زايد ـ حفظه الله ـ جل رعايتها واهتمامها بالقطاع الصحي في الإمارات العربية المتحدة، بوصفه أحد القطاعات الحيوية الداعمة لصحة وسلامة أبناء هذا الوطن المعطاء.\r\n\r\nومن أوجه تلك الرعاية الصحية، إطلاق برنامج الجينوم الإماراتي الذي تنفذه مجموعة جي فورتي تو للعناية الصحية بهدف الحد والوقاية من الأمراض الوراثية والجينية، ووضع حجر الأساس لتطوير الطب الشخصي، الأمر الذي يشكل أحد القفزات الطبية العملاقة الهادفة للتوصل للجينات المسؤولة عن الأمراض الوراثية التي تظهر في الإمارات .', 'God Almighty created man in the best and most correct image, and honored him over all creatures with the many blessings he bestowed upon him, and honored him, above all other creatures, by building this earth and elevating its inhabitants with the exceptional abilities granted by God Almighty that qualify him to perform this role assigned to him. Proceeding from the importance of human health, which constitutes one of the most important factors that help him to achieve himself and serve the aspirations of his nation and society, the government of Sheikh Mohammed bin Zayed - may God protect him - has given most of its care and attention to the health sector in the United Arab Emirates, as it is one of the vital sectors that support the health and safety of the people of this country benefactor;\r\n\r\nAmong the aspects of this health care is the launch of the UAE Genome Program implemented by the G Forte Two Healthcare Group with the aim of reducing and preventing genetic and genetic diseases, and laying the foundation stone for the development of personalized medicine, which constitutes one of the giant medical leaps aimed at finding the genes responsible for genetic diseases that appear in Emirates. God Almighty created man in the best image and setting. He also honored him over all creatures with the many blessings he bestowed upon him, and honored him, above all other creatures, by building this land and elevating its inhabitants with the exceptional abilities granted by God Almighty to qualify him to perform this role assigned to him. Proceeding from the importance of human health, which constitutes one of the most important factors helping him to achieve himself and serve the aspirations of his nation and society, the government of Sheikh Mohammed bin Zayed - may God protect him - has given all of its care and attention to the health sector in the United Arab Emirates, as it is one of the vital sectors that support the health and safety of the people of this country benefactor;\r\n\r\nAmong the aspects of this health care is the launch of the UAE Genome Program implemented by the G Forte Two Healthcare Group with the aim of reducing and preventing genetic and genetic diseases, and laying the foundation stone for the development of personalized medicine, which constitutes one of the giant medical leaps aimed at finding the genes responsible for genetic diseases that appear in UAE .', 'news3.png', '2021-06-08 13:20:20', '2021-06-08 10:20:20', '2021-06-08 10:20:20', NULL),
(7, 'ffffffffffffffffffffffffffffffffffffffffffffffff', 'fffffffffffffffff', 'ewf', 'ffffffffffffffffffffffffffffff', '<p>ewf</p>', '<p>ewfwefwefewfwef</p>', '53234_1623573000.png', '2021-06-13 12:25:08', '2021-06-13 09:25:08', '2021-06-13 09:30:58', '2021-06-13 09:30:58'),
(8, 'Eum ullam eum sit ne', 'Commodo totam tempor', 'Perspiciatis placea', 'Reprehenderit sint', 'Et ipsa, aut deserun.', 'Nobis voluptate labo.', '81423_1626101776.jpg', '2021-07-06 00:00:00', '2021-07-12 15:56:16', '2021-07-12 15:56:16', NULL);

-- --------------------------------------------------------

--
-- Table structure for table `participate_bookings`
--

DROP TABLE IF EXISTS `participate_bookings`;
CREATE TABLE IF NOT EXISTS `participate_bookings` (
  `id` int(11) NOT NULL AUTO_INCREMENT,
  `first_name` varchar(191) DEFAULT NULL,
  `last_name` varchar(191) DEFAULT NULL,
  `phone` varchar(30) DEFAULT NULL,
  `email` varchar(255) DEFAULT NULL,
  `participants_count` int(11) DEFAULT NULL,
  `date` date DEFAULT NULL,
  `seen` tinyint(1) NOT NULL DEFAULT '0',
  `created_at` timestamp NULL DEFAULT NULL,
  `updated_at` timestamp NULL DEFAULT NULL,
  PRIMARY KEY (`id`)
) ENGINE=MyISAM AUTO_INCREMENT=9 DEFAULT CHARSET=utf8;

--
-- Dumping data for table `participate_bookings`
--

INSERT INTO `participate_bookings` (`id`, `first_name`, `last_name`, `phone`, `email`, `participants_count`, `date`, `seen`, `created_at`, `updated_at`) VALUES
(1, 'Carl', 'Curtis', '+1 (842) 501-2916', 'wapyjefiga@mailinator.com', 33, '2021-01-12', 1, '2021-01-23 15:11:28', '2021-01-24 10:25:44'),
(2, 'Ivorwe', 'Wittwfe', '+1 (557) 456-6812fewf', 'dipadog@mailinator.com', 39, '2021-01-18', 1, '2021-01-23 15:14:16', '2021-01-24 10:25:38'),
(3, 'Leah', 'Shields', '+1 (435) 801-8293', 'cuvejihe@mailinator.com', 11, '2021-01-20', 1, '2021-01-23 15:14:38', '2021-01-24 10:25:47'),
(4, 'Nora', 'Ryan', '+1 (426) 604-1767', 'gojexysyw@mailinator.com', 39, '2004-06-30', 0, '2021-01-24 14:29:51', '2021-01-24 14:29:51'),
(5, 'Wendy', 'Doyle', '+1 (628) 675-6962', 'qepekih@mailinator.com', 24, '1972-03-26', 0, '2021-01-24 14:31:33', '2021-01-24 14:31:33'),
(6, 'Marvin', 'Huffman', '+1 (652) 266-4445', 'dekehum@mailinator.com', 9, '2010-07-30', 0, '2021-01-24 14:32:08', '2021-01-24 14:32:08'),
(7, 'Leslie', 'Douglas', '+1 (771) 619-4691', 'wafo@mailinator.com', 19, '1993-08-05', 0, '2021-01-24 14:34:53', '2021-01-24 14:34:53'),
(8, 'Eagan', 'Leonard', '+1 (372) 139-2612', 'bexowikew@mailinator.com', 6, '2013-12-18', 0, '2021-02-02 16:01:27', '2021-02-02 16:01:27');

-- --------------------------------------------------------

--
-- Table structure for table `participation_locations`
--

DROP TABLE IF EXISTS `participation_locations`;
CREATE TABLE IF NOT EXISTS `participation_locations` (
  `id` int(11) NOT NULL AUTO_INCREMENT,
  `address_ar` text,
  `address_en` text,
  `state_id` int(11) NOT NULL,
  `city_id` int(11) NOT NULL,
  `latitude` varchar(100) DEFAULT NULL,
  `longitude` varchar(100) DEFAULT NULL,
  `working_times_ar` text,
  `working_times_en` text,
  `phone` varchar(30) DEFAULT NULL,
  `created_at` timestamp NULL DEFAULT NULL,
  `updated_at` timestamp NULL DEFAULT NULL,
  `deleted_at` timestamp NULL DEFAULT NULL,
  PRIMARY KEY (`id`),
  KEY `state_id` (`state_id`)
) ENGINE=InnoDB AUTO_INCREMENT=19 DEFAULT CHARSET=utf8;

--
-- Dumping data for table `participation_locations`
--

INSERT INTO `participation_locations` (`id`, `address_ar`, `address_en`, `state_id`, `city_id`, `latitude`, `longitude`, `working_times_ar`, `working_times_en`, `phone`, `created_at`, `updated_at`, `deleted_at`) VALUES
(1, 'قاعة المعارض ( قاعة الافراح - فندق الووفت أبو ظبي ) ضمن مركز أبو ظبي الوطني للمعارض', 'Exhibition Hall (Wedding Hall - Aloft Abu Dhabi Hotel) within the Abu Dhabi National Exhibition Center', 1, 2, '24.466667', '54.366669', 'من الأحد إلى الخميس من الساعة 9:00 صباحا إلى 5:00 مساء', 'From Sunday to Thursday from 9:00 am to 5:00 pm', '+971000000000', '2021-06-08 07:27:00', '2021-06-08 07:27:00', NULL),
(2, 'قاعة المعارض ( قاعة الافراح - فندق الووفت أبو ظبي ) ضمن مركز أبو ظبي الوطني للمعارض', 'Exhibition Hall (Wedding Hall - Aloft Abu Dhabi Hotel) within the Abu Dhabi National Exhibition Center', 1, 2, '24.488106080664576', '54.37165917993164', 'من الأحد إلى الخميس من الساعة 9:00 صباحا إلى 5:00 مساء', 'From Sunday to Thursday from 9:00 am to 5:00 pm', '+971000000000', '2021-06-08 07:27:00', '2021-07-03 12:43:20', NULL),
(3, 'قاعة المعارض ( قاعة الافراح - فندق الووفت أبو ظبي ) ضمن مركز أبو ظبي الوطني للمعارض', 'Exhibition Hall (Wedding Hall - Aloft Abu Dhabi Hotel) within the Abu Dhabi National Exhibition Center', 1, 1, '24.467019615993735', '54.35015418505858', 'من الأحد إلى الخميس من الساعة 9:00 صباحا إلى 5:00 مساء', 'From Sunday to Thursday from 9:00 am to 5:00 pm', '+971000000000', '2021-06-08 07:27:00', '2021-07-03 12:43:31', NULL),
(4, 'قاعة المعارض ( قاعة الافراح - فندق الووفت أبو ظبي ) ضمن مركز أبو ظبي الوطني للمعارض', 'Exhibition Hall (Wedding Hall - Aloft Abu Dhabi Hotel) within the Abu Dhabi National Exhibition Center', 1, 3, '24.466647', '54.366971', 'من الأحد إلى الخميس من الساعة 9:00 صباحا إلى 5:00 مساء', 'From Sunday to Thursday from 9:00 am to 5:00 pm', '+971000000000', '2021-06-08 07:27:00', '2021-06-08 07:27:00', NULL),
(5, 'قاعة المعارض ( قاعة الافراح - فندق الووفت أبو ظبي ) ضمن مركز أبو ظبي الوطني للمعارض', 'Exhibition Hall (Wedding Hall - Aloft Abu Dhabi Hotel) within the Abu Dhabi National Exhibition Center', 1, 3, '24.466331', '54.363214', 'من الأحد إلى الخميس من الساعة 9:00 صباحا إلى 5:00 مساء', 'From Sunday to Thursday from 9:00 am to 5:00 pm', '+971000000000', '2021-06-08 07:27:00', '2021-06-08 07:27:00', NULL),
(6, 'قاعة المعارض ( قاعة الافراح - فندق الووفت أبو ظبي ) ضمن مركز أبو ظبي الوطني للمعارض', 'Exhibition Hall (Wedding Hall - Aloft Abu Dhabi Hotel) within the Abu Dhabi National Exhibition Center', 1, 3, '24.333763290413987', '54.55641031265259', 'من الأحد إلى الخميس من الساعة 9:00 صباحا إلى 5:00 مساء', 'From Sunday to Thursday from 9:00 am to 5:00 pm', '+971000000000', '2021-06-08 07:27:00', '2021-07-03 12:34:39', NULL),
(7, 'قاعة المعارض ( قاعة الافراح - فندق الووفت أبو ظبي ) ضمن مركز أبو ظبي الوطني للمعارض', 'Exhibition Hall (Wedding Hall - Aloft Abu Dhabi Hotel) within the Abu Dhabi National Exhibition Center', 1, 3, '24.365041644662274', '54.54754829406738', 'من الأحد إلى الخميس من الساعة 9:00 صباحا إلى 5:00 مساء', 'From Sunday to Thursday from 9:00 am to 5:00 pm', '+971000000000', '2021-06-08 07:27:00', '2021-07-03 12:35:15', NULL),
(8, 'قاعة المعارض ( قاعة الافراح - فندق الووفت أبو ظبي ) ضمن مركز أبو ظبي الوطني للمعارض', 'Exhibition Hall (Wedding Hall - Aloft Abu Dhabi Hotel) within the Abu Dhabi National Exhibition Center', 1, 1, '24.28201976722719', '54.6954345703125', 'من الأحد إلى الخميس من الساعة 9:00 صباحا إلى 5:00 مساء', 'From Sunday to Thursday from 9:00 am to 5:00 pm', '+971000000000', '2021-06-08 07:27:00', '2021-07-03 12:28:48', NULL),
(9, 'قاعة المعارض ( قاعة الافراح - فندق الووفت أبو ظبي ) ضمن مركز أبو ظبي الوطني للمعارض', 'Exhibition Hall (Wedding Hall - Aloft Abu Dhabi Hotel) within the Abu Dhabi National Exhibition Center', 1, 1, '24.28201976722719', '54.6954345703125', 'من الأحد إلى الخميس من الساعة 9:00 صباحا إلى 5:00 مساء', 'From Sunday to Thursday from 9:00 am to 5:00 pm', '+971000000000', '2021-06-08 07:27:00', '2021-06-13 08:14:36', NULL),
(10, 'قاعة المعارض ( قاعة الافراح - فندق الووفت أبو ظبي ) ضمن مركز أبو ظبي الوطني للمعارض', 'Exhibition Hall (Wedding Hall - Aloft Abu Dhabi Hotel) within the Abu Dhabi National Exhibition Center', 2, 5, '25.407616548314103', '55.50318717956543', 'من الأحد إلى الخميس من الساعة 9:00 صباحا إلى 5:00 مساء', 'From Sunday to Thursday from 9:00 am to 5:00 pm', '+971000000000', '2021-06-08 07:27:00', '2021-06-28 09:05:56', NULL),
(11, 'قاعة المعارض ( قاعة الافراح - فندق الووفت أبو ظبي ) ضمن مركز أبو ظبي الوطني للمعارض', 'Exhibition Hall (Wedding Hall - Aloft Abu Dhabi Hotel) within the Abu Dhabi National Exhibition Center', 2, 4, '25.39672323268105', '55.56264638900757', 'من الأحد إلى الخميس من الساعة 9:00 صباحا إلى 5:00 مساء', 'From Sunday to Thursday from 9:00 am to 5:00 pm', '+971000000000', '2021-06-08 07:27:00', '2021-07-03 12:38:41', NULL),
(12, 'قاعة المعارض ( قاعة الافراح - فندق الووفت أبو ظبي ) ضمن مركز أبو ظبي الوطني للمعارض', 'Exhibition Hall (Wedding Hall - Aloft Abu Dhabi Hotel) within the Abu Dhabi National Exhibition Center', 3, 7, '25.200592184380355', '55.27170181274414', 'من الأحد إلى الخميس من الساعة 9:00 صباحا إلى 5:00 مساء', 'From Sunday to Thursday from 9:00 am to 5:00 pm', '+971000000000', '2021-06-08 07:27:00', '2021-07-03 12:31:08', NULL),
(13, 'قاعة المعارض ( قاعة الافراح - فندق الووفت أبو ظبي ) ضمن مركز أبو ظبي الوطني للمعارض', 'Exhibition Hall (Wedding Hall - Aloft Abu Dhabi Hotel) within the Abu Dhabi National Exhibition Center', 3, 7, '25.178961521727377', '55.238871574401855', 'من الأحد إلى الخميس من الساعة 9:00 صباحا إلى 5:00 مساء', 'From Sunday to Thursday from 9:00 am to 5:00 pm', '+971000000000', '2021-06-08 07:27:00', '2021-07-03 12:31:34', NULL),
(14, 'قاعة المعارض ( قاعة الافراح - فندق الووفت أبو ظبي ) ضمن مركز أبو ظبي الوطني للمعارض', 'Exhibition Hall (Wedding Hall - Aloft Abu Dhabi Hotel) within the Abu Dhabi National Exhibition Center', 4, 10, '25.12793756948468', '56.33713960647583', 'من الأحد إلى الخميس من الساعة 9:00 صباحا إلى 5:00 مساء', 'From Sunday to Thursday from 9:00 am to 5:00 pm', '+971000000000', '2021-06-08 07:27:00', '2021-07-03 12:32:04', NULL),
(15, 'قاعة المعارض ( قاعة الافراح - فندق الووفت أبو ظبي ) ضمن مركز أبو ظبي الوطني للمعارض', 'Exhibition Hall (Wedding Hall - Aloft Abu Dhabi Hotel) within the Abu Dhabi National Exhibition Center', 4, 14, '25.11171498290643', '56.34638786315918', 'من الأحد إلى الخميس من الساعة 9:00 صباحا إلى 5:00 مساء', 'From Sunday to Thursday from 9:00 am to 5:00 pm', '+971000000000', '2021-06-08 07:27:00', '2021-07-03 12:33:12', NULL),
(16, 'Neque consequat Pro', 'Itaque libero eum qu', 6, 0, '25.349378228271345', '55.41049003601074', 'Soluta iusto blandit', 'Ut id eaque dolor la', '+1 (625) 478-8186', '2021-06-13 08:03:34', '2021-06-13 08:05:23', '2021-06-13 08:05:23'),
(17, 'Quis repellendus Et', 'Commodo placeat tot', 5, 16, '25.78628999289969', '55.97828149795532', 'Consectetur proident', 'Culpa at quis nobis', '+1 (114) 132-6757', '2021-06-28 08:37:36', '2021-07-03 12:33:43', NULL),
(18, 'Deleniti laboriosam', 'Deserunt veniam rer', 6, 17, '25.352093021352445', '55.40800094604492', 'Laudantium ab magna', 'Tempore eligendi et', '+1 (708) 349-5694', '2021-07-03 12:55:10', '2021-07-03 12:55:10', NULL);

-- --------------------------------------------------------

--
-- Table structure for table `participation_method`
--

DROP TABLE IF EXISTS `participation_method`;
CREATE TABLE IF NOT EXISTS `participation_method` (
  `id` int(11) NOT NULL AUTO_INCREMENT,
  `title_ar` varchar(255) NOT NULL,
  `title_en` varchar(255) NOT NULL,
  `description_ar` text,
  `description_en` text,
  `icon` varchar(750) NOT NULL,
  `color` varchar(20) NOT NULL,
  `_order_` int(11) NOT NULL,
  `created_at` timestamp NULL DEFAULT NULL,
  `updated_at` timestamp NULL DEFAULT NULL,
  `deleted_at` timestamp NULL DEFAULT NULL,
  PRIMARY KEY (`id`)
) ENGINE=MyISAM AUTO_INCREMENT=7 DEFAULT CHARSET=utf8;

--
-- Dumping data for table `participation_method`
--

INSERT INTO `participation_method` (`id`, `title_ar`, `title_en`, `description_ar`, `description_en`, `icon`, `color`, `_order_`, `created_at`, `updated_at`, `deleted_at`) VALUES
(1, 'التسجيل', 'Registration', 'يقتصر التسجيل في البرنامج على مواطني دولة الامارات مع ضرورة احضار بطاقة الهويه للتسجيل', 'Registration in the program is limited to UAE nationals, with the need to bring an ID card for registration', '1.png', '#fbb03b', 1, '2021-06-08 04:22:22', '2021-06-12 14:02:12', NULL),
(2, 'النموذج و التوقيع', 'Form and signature', 'سيتم شرح تفصيلي عن نموذج الموافقة وارسال رسالة نصية بعد التوقيع', 'A detailed explanation of the consent form will be provided, and a text message will be sent after signing', '2.png', '#f15a24', 2, '2021-06-08 04:22:22', '2021-06-12 14:01:52', NULL),
(3, 'تشفير البيانات', 'Data encryption', 'سيتم تشفير كافة البيانات الشخصية', 'All personal data will be encrypted', '3.png', '#484c7f', 3, '2021-06-08 04:22:22', '2021-06-16 10:27:49', NULL),
(4, 'سحب العينة', 'sampling', 'سيتم سحب عينة دم (8م) و مسحتي باطن الخد للاطفال(0-14)', 'A blood sample (8 m) and two swabs of the inside of the cheek for children (0-14) will be drawn.', '4.png', '#248EA9', 4, '2021-06-08 04:22:22', '2021-06-08 04:22:22', NULL),
(5, 'نقل العينات إلى مركز التميز OMICS', 'Transfer samples to OMICS Center of Excellence', 'ترسل كافة العينات لمختبرات OMICS للتميز في شركة G42', 'All samples are sent to OMICS laboratories of excellence in G42', '5.png', '#056793', 5, '2021-06-08 04:22:22', '2021-06-08 04:22:22', NULL),
(6, 'مرحلة المعالجة', 'processing stage', 'سيقوم المختصين بفحص و معالجة العينات', 'The specialists will examine and process the samples', '6.png', '#39bdc8', 6, '2021-06-08 04:22:22', '2021-06-13 07:13:26', NULL);

-- --------------------------------------------------------

--
-- Table structure for table `password_resets`
--

DROP TABLE IF EXISTS `password_resets`;
CREATE TABLE IF NOT EXISTS `password_resets` (
  `email` varchar(191) COLLATE utf8mb4_unicode_ci NOT NULL,
  `token` varchar(191) COLLATE utf8mb4_unicode_ci NOT NULL,
  `created_at` timestamp NULL DEFAULT NULL,
  KEY `password_resets_email_index` (`email`)
) ENGINE=MyISAM DEFAULT CHARSET=utf8mb4 COLLATE=utf8mb4_unicode_ci;

-- --------------------------------------------------------

--
-- Table structure for table `sample_trip`
--

DROP TABLE IF EXISTS `sample_trip`;
CREATE TABLE IF NOT EXISTS `sample_trip` (
  `id` int(11) NOT NULL AUTO_INCREMENT,
  `title_ar` varchar(255) NOT NULL,
  `title_en` varchar(255) NOT NULL,
  `description_ar` varchar(1500) DEFAULT NULL,
  `description_en` varchar(1500) DEFAULT NULL,
  `icon` varchar(750) NOT NULL,
  `color` varchar(15) DEFAULT NULL,
  `_order_` int(11) NOT NULL,
  `created_at` timestamp NULL DEFAULT NULL,
  `updated_at` timestamp NULL DEFAULT NULL,
  `deleted_at` timestamp NULL DEFAULT NULL,
  PRIMARY KEY (`id`)
) ENGINE=MyISAM AUTO_INCREMENT=7 DEFAULT CHARSET=utf8;

--
-- Dumping data for table `sample_trip`
--

INSERT INTO `sample_trip` (`id`, `title_ar`, `title_en`, `description_ar`, `description_en`, `icon`, `color`, `_order_`, `created_at`, `updated_at`, `deleted_at`) VALUES
(1, 'إستلام العينة', 'Sample Receipt', NULL, NULL, 'icon-sample1.png', '#7DE314', 1, '2021-06-08 05:00:26', '2021-06-12 14:22:45', NULL),
(2, 'استخلاص المادة الوراثية', 'Extraction of genetic material', NULL, NULL, 'icon-sample2.png', '#01CC9B', 2, '2021-06-08 05:00:26', '2021-06-08 05:00:26', NULL),
(3, 'عمل فحص الجينوم الكامل', 'Complete genome assay', NULL, NULL, 'icon-sample3.png', '#14A0C0', 3, '2021-06-08 05:00:26', '2021-06-08 05:00:26', NULL),
(4, 'وضع الخارطة الجينية الوراثية', 'Genetic mapping', NULL, NULL, 'icon-sample4.png', '#5059AB', 4, '2021-06-08 05:00:26', '2021-06-08 05:00:26', NULL),
(5, 'إنشاء قاعدة البيانات', 'Create the database', NULL, NULL, 'icon-sample5.png', '#14A0C0', 5, '2021-06-08 05:00:26', '2021-06-08 05:00:26', NULL),
(6, 'خلق مجتمع إماراتي خالي من الأمراض', 'Creating a disease-free Emirati society', NULL, NULL, 'icon-sample6.png', '#5059AB', 6, '2021-06-08 05:00:26', '2021-06-08 05:00:26', NULL);

-- --------------------------------------------------------

--
-- Table structure for table `shares`
--

DROP TABLE IF EXISTS `shares`;
CREATE TABLE IF NOT EXISTS `shares` (
  `id` int(11) NOT NULL AUTO_INCREMENT,
  `title_ar` varchar(500) NOT NULL,
  `title_en` varchar(500) NOT NULL,
  `details_ar` text,
  `details_en` text,
  `image_url` varchar(750) DEFAULT NULL,
  `created_at` timestamp NULL DEFAULT NULL,
  `updated_at` timestamp NULL DEFAULT NULL,
  `deleted_at` timestamp NULL DEFAULT NULL,
  PRIMARY KEY (`id`)
) ENGINE=MyISAM AUTO_INCREMENT=3 DEFAULT CHARSET=utf8;

--
-- Dumping data for table `shares`
--

INSERT INTO `shares` (`id`, `title_ar`, `title_en`, `details_ar`, `details_en`, `image_url`, `created_at`, `updated_at`, `deleted_at`) VALUES
(1, 'الجينوم الإماراتي ووزارة الصحة 1', 'The UAE genome and the Ministry of Health 1', 'خَلَق الله سبحانه وتعالى الإنسان في أحسن صورة وتقويم، كما كرّمه على جميع الخلائق بما أنعم عليه من نعم كثيرة، وشرّفه دون غيره من المخلوقات بعمارة هذه الأرض، والإرتقاء بساكنيها بما وهبه الله سبحانه وتعالى من قدرات استثنائية تؤهله للقيام بهذا الدور المناط به. وانطلاقاً من أهمية صحة الإنسان التي تشكل إحدى أبرز العوامل المساعدة له لتحقيق ذاته، وخدمة تطلعات أمته ومجتمعه، أولت حكومة الشيخ محمد بن زايد ـ حفظه الله ـ جل رعايتها واهتمامها بالقطاع الصحي في الإمارات العربية المتحدة، بوصفه أحد القطاعات الحيوية الداعمة لصحة وسلامة أبناء هذا الوطن المعطاء.\n\nومن أوجه تلك الرعاية الصحية، إطلاق برنامج الجينوم الإماراتي الذي تنفذه مجموعة جي فورتي تو للعناية الصحية بهدف الحد والوقاية من الأمراض الوراثية والجينية، ووضع حجر الأساس لتطوير الطب الشخصي، الأمر الذي يشكل أحد القفزات الطبية العملاقة الهادفة للتوصل للجينات المسؤولة عن الأمراض الوراثية التي تظهر في الإمارات .خَلَق الله سبحانه وتعالى الإنسان في أحسن صورة وتقويم، كما كرّمه على جميع الخلائق بما أنعم عليه من نعم كثيرة، وشرّفه دون غيره من المخلوقات بعمارة هذه الأرض، والإرتقاء بساكنيها بما وهبه الله سبحانه وتعالى من قدرات استثنائية تؤهله للقيام بهذا الدور المناط به. وانطلاقاً من أهمية صحة الإنسان التي تشكل إحدى أبرز العوامل المساعدة له لتحقيق ذاته، وخدمة تطلعات أمته ومجتمعه، أولت حكومة الشيخ محمد بن زايد ـ حفظه الله ـ جل رعايتها واهتمامها بالقطاع الصحي في الإمارات العربية المتحدة، بوصفه أحد القطاعات الحيوية الداعمة لصحة وسلامة أبناء هذا الوطن المعطاء.\n\nومن أوجه تلك الرعاية الصحية، إطلاق برنامج الجينوم الإماراتي الذي تنفذه مجموعة جي فورتي تو للعناية الصحية بهدف الحد والوقاية من الأمراض الوراثية والجينية، ووضع حجر الأساس لتطوير الطب الشخصي، الأمر الذي يشكل أحد القفزات الطبية العملاقة الهادفة للتوصل للجينات المسؤولة عن الأمراض الوراثية التي تظهر في الإمارات .', 'God Almighty created man in the best and most correct image, and honored him over all creatures with the many blessings he bestowed upon him, and honored him, above all other creatures, by building this earth and elevating its inhabitants with the exceptional abilities granted by God Almighty that qualify him to perform this role assigned to him. Proceeding from the importance of human health, which constitutes one of the most important factors that help him to achieve himself and serve the aspirations of his nation and society, the government of Sheikh Mohammed bin Zayed - may God protect him - has given most of its care and attention to the health sector in the United Arab Emirates, as it is one of the vital sectors that support the health and safety of the people of this country benefactor;\n\nAmong the aspects of this health care is the launch of the UAE Genome Program implemented by the G Forte Two Healthcare Group with the aim of reducing and preventing genetic and genetic diseases, and laying the foundation stone for the development of personalized medicine, which constitutes one of the giant medical leaps aimed at finding the genes responsible for genetic diseases that appear in Emirates. God Almighty created man in the best image and setting. He also honored him over all creatures with the many blessings he bestowed upon him, and honored him, above all other creatures, by building this land and elevating its inhabitants with the exceptional abilities granted by God Almighty to qualify him to perform this role assigned to him. Proceeding from the importance of human health, which constitutes one of the most important factors helping him to achieve himself and serve the aspirations of his nation and society, the government of Sheikh Mohammed bin Zayed - may God protect him - has given all of its care and attention to the health sector in the United Arab Emirates, as it is one of the vital sectors that support the health and safety of the people of this country benefactor;\n\nAmong the aspects of this health care is the launch of the UAE Genome Program implemented by the G Forte Two Healthcare Group with the aim of reducing and preventing genetic and genetic diseases, and laying the foundation stone for the development of personalized medicine, which constitutes one of the giant medical leaps aimed at finding the genes responsible for genetic diseases that appear in UAE .', '40404_1625464136.png', '2021-07-12 05:22:00', '2021-07-12 14:22:26', NULL),
(2, 'Id est omnis est', 'Sit est iste sed fug', 'Neque assumenda sed .', 'Similique nostrud in.', '53649_1626096032.png', '2021-07-12 14:20:32', '2021-07-12 14:20:37', '2021-07-12 14:20:37');

-- --------------------------------------------------------

--
-- Table structure for table `states`
--

DROP TABLE IF EXISTS `states`;
CREATE TABLE IF NOT EXISTS `states` (
  `id` int(11) NOT NULL AUTO_INCREMENT,
  `name_ar` varchar(191) NOT NULL,
  `name_en` varchar(155) DEFAULT NULL,
  `latitude` varchar(50) DEFAULT NULL,
  `longitude` varchar(50) DEFAULT NULL,
  `status` tinyint(1) NOT NULL DEFAULT '1',
  `created_at` timestamp NULL DEFAULT NULL,
  `updated_at` timestamp NULL DEFAULT NULL,
  `deleted_at` timestamp NULL DEFAULT NULL,
  PRIMARY KEY (`id`)
) ENGINE=InnoDB AUTO_INCREMENT=8 DEFAULT CHARSET=utf8;

--
-- Dumping data for table `states`
--

INSERT INTO `states` (`id`, `name_ar`, `name_en`, `latitude`, `longitude`, `status`, `created_at`, `updated_at`, `deleted_at`) VALUES
(1, 'أبو ظبي', 'Abu Dhabi', '24.4452887', '54.4088837', 1, '2021-06-07 13:35:40', '2021-06-07 13:35:40', NULL),
(2, 'عجمان', 'Ajman', '25.4091633', '55.557141', 1, '2020-01-13 05:21:00', '2020-01-13 05:21:00', NULL),
(3, 'دبي', 'Dubai', '25.1066822', '55.3097131', 1, NULL, '2021-07-01 06:57:29', NULL),
(4, 'الفجيرة', 'Fojeraa', '25.1663283', '56.3799717', 1, NULL, NULL, NULL),
(5, 'رأس الخيمة', 'Rass Khaymaa', '25.7504454', '56.0019001', 1, NULL, '2020-07-06 03:04:26', NULL),
(6, 'الشارقة', 'Shareqaa', '25.281013', '55.4300899', 1, NULL, NULL, NULL),
(7, 'أم القيوين', 'Em Qeween', '25.5411557', '55.5632169', 1, NULL, '2020-07-06 02:32:40', NULL);

-- --------------------------------------------------------

--
-- Table structure for table `static_pages`
--

DROP TABLE IF EXISTS `static_pages`;
CREATE TABLE IF NOT EXISTS `static_pages` (
  `id` int(11) NOT NULL AUTO_INCREMENT,
  `name` varchar(255) COLLATE utf8mb4_unicode_ci NOT NULL,
  `page_slug` varchar(80) COLLATE utf8mb4_unicode_ci NOT NULL,
  `meta_tags` varchar(255) COLLATE utf8mb4_unicode_ci DEFAULT NULL,
  `meta_description` longtext COLLATE utf8mb4_unicode_ci,
  `active` tinyint(1) NOT NULL,
  `page_title_en` varchar(150) COLLATE utf8mb4_unicode_ci DEFAULT NULL,
  `page_heading_en` varchar(200) COLLATE utf8mb4_unicode_ci DEFAULT NULL,
  `page_content_en` longtext COLLATE utf8mb4_unicode_ci,
  `page_title_ar` varchar(150) COLLATE utf8mb4_unicode_ci DEFAULT NULL,
  `page_heading_ar` varchar(200) COLLATE utf8mb4_unicode_ci DEFAULT NULL,
  `page_content_ar` longtext COLLATE utf8mb4_unicode_ci,
  `created_at` timestamp NULL DEFAULT NULL,
  `updated_at` timestamp NULL DEFAULT NULL,
  `deleted_at` timestamp NULL DEFAULT NULL,
  PRIMARY KEY (`id`)
) ENGINE=MyISAM AUTO_INCREMENT=11 DEFAULT CHARSET=utf8mb4 COLLATE=utf8mb4_unicode_ci;

--
-- Dumping data for table `static_pages`
--

INSERT INTO `static_pages` (`id`, `name`, `page_slug`, `meta_tags`, `meta_description`, `active`, `page_title_en`, `page_heading_en`, `page_content_en`, `page_title_ar`, `page_heading_ar`, `page_content_ar`, `created_at`, `updated_at`, `deleted_at`) VALUES
(10, 'Isaiah Nichols', 'Ea assumenda minim r', NULL, NULL, 1, 'Commodo in nostrud p', 'Sunt perferendis vol', 'Totam deleniti odit .', 'Voluptatum omnis sap', 'Autem quo sed corpor', 'Recusandae. Quae omn.', '2021-06-13 06:33:34', '2021-06-13 06:37:26', '2021-06-13 06:37:26');
INSERT INTO `static_pages` (`id`, `name`, `page_slug`, `meta_tags`, `meta_description`, `active`, `page_title_en`, `page_heading_en`, `page_content_en`, `page_title_ar`, `page_heading_ar`, `page_content_ar`, `created_at`, `updated_at`, `deleted_at`) VALUES
(2, 'Terms & Conditions', 'terms-conditions', 'meta', 'meta', 1, 'Terms and Conditions', 'Terms and Conditions', '<h3><span style=\"color: rgb(239, 198, 49); background-color: rgb(255, 255, 255);\" wfd-id=\"159\">Eligibility for Membership</span></h3><div wfd-id=\"158\"><br></div><div wfd-id=\"157\">Joker chance must ensure that its members can enter into legally binding contracts and that minors do not purchase, use, or have access to unsuitable content. Membership and/or use of the Platform is not available to persons under the age of 18 years old. By using the Platform, You represent and warrant that You are 18 years of age or over and that all information You submit is accurate and truthful when registering any information with the Platform or providing any information to Us.</div><div wfd-id=\"156\">Joker chance reserves the right and at its sole discretion to refuse, limit, suspend or withdraw access to the Platform or the membership of any person if Joker chance believes that person is under the age of 18 years or that any information given is not accurate or truthful, or for any other reason.</div><div wfd-id=\"155\">The Platform is not available to persons whose membership has been refused, limited, suspended, or withdrawn by Joker chance.</div><div wfd-id=\"154\">No person may register as a member on the Platform more than once.</div><div wfd-id=\"153\"><br></div><h3><span style=\"color: rgb(239, 198, 49); background-color: rgb(255, 255, 255);\" wfd-id=\"152\">Registration and Membership Obligations</span></h3><div wfd-id=\"151\"><br></div><div wfd-id=\"150\">To access the Services and utilize the Platform You will be required to create an account and register information with Us to create a membership (\"Membership\"). You agree that any information provided to Us in pursuant thereto will be complete and accurate, that You will not register under the name of, nor attempt to enter the Membership under the name of, another person, and that You will not adopt a username that We in Our sole discretion, deem offensive. We reserve the right to not allow You to register if We believe that You will not comply with these Terms.</div><div wfd-id=\"149\">You are responsible to promptly update details of Your Membership such that they are at all times considered true, accurate, current, and complete. If You provide any information that is untrue, inaccurate, not current or incomplete or if Joker chance suspects in Our sole discretion that such information is untrue, inaccurate, not current or incomplete, or not per this User Agreement, We have the right to suspend indefinitely, limit or withdraw Your Membership and/or Your access to the Platform.</div><div wfd-id=\"148\">When registering Your account on the Platform to create Your Membership, You will be required to provide certain information and register a username and password for use of the Platform. To keep Your account secure You have to protect Your account with reasonable means, and You are responsible at all times for maintaining the confidentiality of and restricting access to and use of, Your account and password to the Platform. You agree to accept responsibility for all activities that occur under Your account with Us. If someone other than Yourself uses the Platform with Your login information You will be held accountable for all actions made in Your name. In the event of termination, You will no longer be authorized to access the Platform or Your Membership, and We reserve the right to use any means possible to enforce this termination. You undertake to immediately notify Joker chance of any unauthorized use of Your Membership or any other security breach.</div><div wfd-id=\"147\">You may not, at any point in time, use any other person\'s Membership. You agree to reimburse Joker chance in full for any costs, expenses, and damages caused by improper, unauthorized, or illegal use of Your Membership and password by You or any person obtaining access to the Platform.</div><div wfd-id=\"146\">You may not transfer or sell Your Membership with Joker chance to another party and You undertake that You are solely responsible for all activity of the Membership</div><div wfd-id=\"145\"><br></div><h3><span style=\"color: rgb(239, 198, 49); background-color: rgb(255, 255, 255);\" wfd-id=\"144\">Electronic Communication</span></h3><div wfd-id=\"143\"><br></div><div wfd-id=\"142\">In order to access the Services and utilise the Platform You will be required to create an account and submit personal information with Us in order to create a membership (“Membership”). You agree that any information provided to Us in these areas will be complete and accurate, that You will not register under the name of, nor attempt to enter the Membership under the name of, another person, and that You will not adopt a username that We in Our sole discretion, deem offensive. We reserve the right to not allow You to register if We believe that You will not comply with these Terms.</div><div wfd-id=\"141\"><br></div><h3><span style=\"color: rgb(239, 198, 49); background-color: rgb(255, 255, 255);\" wfd-id=\"140\">Conduct</span></h3><div wfd-id=\"139\"><br></div><div wfd-id=\"138\">You may not access or use the Platform or the Services provided via the Platform for any purpose other than the purpose for which we make it available to You. We may prohibit certain activities in connection with the Platform and Services at our discretion. </div><div wfd-id=\"136\"><span style=\"font-weight: bold;\" wfd-id=\"137\">These prohibited activities include, without limitation, the following:</span></div><div wfd-id=\"135\"><br></div><ul wfd-id=\"117\"><li wfd-id=\"134\">Criminal, delictual or tortious activity, including fraud, trafficking in obscene material, drug dealing, gambling, harassment, stalking, spamming, copyright infringement, patent infringement, or theft of trade secrets.</li><li wfd-id=\"133\">Advertising to, or solicitation of, any User to buy or sell any products or services, except with the express wrote approval of Joker chance.</li><li wfd-id=\"132\">Transmitting chain letters or junk email to other Users.</li><li wfd-id=\"131\">Using any information obtained from the service to contact, advertise to, solicit, or sell any products or services to any User without their prior explicit consent.</li><li wfd-id=\"130\">Engaging in any automated use of the Service, such as using scripts to send comments or messages.</li><li wfd-id=\"129\">Interfering with, disrupting, or creating an undue burden on the service or the networks or services connected to the Service.</li><li wfd-id=\"128\">Attempting to impersonate another User or person.</li><li wfd-id=\"127\">Using the username or account of another User.</li><li wfd-id=\"126\">Using any information obtained from the Service to harass, abuse, or harm another person.</li><li wfd-id=\"125\">Accepting payment of anything of value from a third person in exchange for Your performance of any commercial activity on or through the Service on behalf of that person.</li><li wfd-id=\"124\">Using the Service in a manner inconsistent with any applicable laws and regulations.</li><li wfd-id=\"123\">Activities which are harmful, abusive, unlawful, threatening, harassing, blasphemous, immoral, defamatory, obscene, pornographic, paedophilic, libelous, invasive of another\'s privacy or other rights, hateful, or racially, ethnically objectionable, disparaging, relating or encouraging money laundering or illegal gambling or harms or could harm minors in any way or otherwise unlawful in any manner whatsoever.</li><li wfd-id=\"122\">Any activity which harasses degrades intimidates or is hateful towards any individual or group of individuals based on religion, gender, sexual orientation, race, ethnicity, age, or disability.</li><li wfd-id=\"121\">Any activity which violates any applicable equal employment laws, including but not limited to those prohibiting the stating, in any advertisement for employment, a preference or requirement based on race, color, religion, sex, national origin, age, or disability of the applicant.</li><li wfd-id=\"120\">Any activity which includes personal or identifying information about another person without that person\'s explicit consent.</li><li wfd-id=\"119\">Any activity which impersonates any person or entity, including, but not limited to, a Joker chance employee, or falsely states or otherwise misrepresents an affiliation with a person or entity</li><li wfd-id=\"118\">Any activity which deceives or misleads the addressee about the origin of such messages or communicates any information which is grossly offensive or menacing.</li></ul><div wfd-id=\"115\"><span style=\"font-weight: bold;\" wfd-id=\"116\">Additionally, You agree not to:</span></div><div wfd-id=\"114\"><br></div><ul wfd-id=\"108\"><li wfd-id=\"113\">contact anyone who has asked not to be contacted, or make unsolicited contact with anyone for any commercial purpose;</li><li wfd-id=\"112\">use automated means, including spiders, robots, crawlers, data mining tools, or the like to download or scrape data from the Service, except for internet search engines (e.g. Google) and non-commercial public archives (e.g. archive.org) that comply with our robots.txt file; and,</li><li wfd-id=\"111\">attempt to gain unauthorized access to computer systems owned or controlled by Joker chance or engage in any activity that disrupts, diminishes the quality of, interferes with the performance of, or impairs the functionality of, the Platform.</li><li wfd-id=\"110\">Any content uploaded by You shall be subject to applicable laws and may be disabled, or may be subject to investigation under applicable laws. Furthermore, if You are found to be in non-compliance with such laws and regulations, we may terminate Your account/block Your access to the Platform, or any part thereof, and we reserve the right to remove any non-compliant Content uploaded by You.</li><li wfd-id=\"109\">You are solely responsible for the consequences, losses, or damages we may incur, directly or indirectly, or suffer due to any activities conducted by You</li></ul><div wfd-id=\"107\"><br></div><h3><span style=\"color: rgb(239, 198, 49); background-color: rgb(255, 255, 255);\" wfd-id=\"106\">Payment Gateway</span></h3><div wfd-id=\"105\"><br></div><div wfd-id=\"104\">If You make a payment for Our Services on our Platform, the details You are asked to submit will be provided directly to our payment provider via a secured connection.</div><div wfd-id=\"103\">The cardholder must retain a copy of transaction records and Merchant policies and rules.</div><div wfd-id=\"102\">Multiple transactions may result in multiple postings to the cardholder’s monthly statement.</div><div wfd-id=\"101\">The product prices per unit displayed on Our Platform are inclusive of VAT.</div><div wfd-id=\"100\">Users may be charged in US Dollars (United States Dollar) or any other currency depending on where they are using the platform from and what type of Credit Card they are using. In such cases, there may be slight discrepancies in values due to changes in foreign exchange rates.</div><div wfd-id=\"99\"><br></div><div wfd-id=\"98\"><br></div><div wfd-id=\"97\"><br></div><h3><span style=\"color: rgb(239, 198, 49); background-color: rgb(255, 255, 255);\" wfd-id=\"96\">Refund &amp; Cancellation Policy</span></h3><div wfd-id=\"95\"><br></div><div wfd-id=\"94\">All sales are final with no cancellation options.</div><div wfd-id=\"93\">For any defective products, Joker chance will offer You replacement of the defective product only, subject to any warranties and/or guarantees provided by the manufacturer of the product. Joker chance shall have no liability or responsibility about any defect regarding a prize awarded as a result of a Campaign Draw.</div><div wfd-id=\"92\">No other form of refund is permissible.</div><div wfd-id=\"91\">Intellectual Property Rights</div><div wfd-id=\"90\">The Platform and the materials on the Platform, including without limitation, the text, software, scripts, graphics, photos, sounds, music, videos, interactive features and the like (\"Materials\") and the trademarks, service marks and logos contained therein (\"Marks\"), are owned by or licensed to Joker chance, and are subject to copyright and other intellectual property rights under UAE and foreign laws and international conventions. In connection with the Services, the Platform may display certain intellectual property goods belonging to third parties. The use of these goods may be subject to the license granted by third parties to Joker chance. You shall, in no event, reverse engineer, decompile, or disassemble such goods and nothing herein shall be construed to grant You any right about such goods. Materials on the Platform are provided to You AS IS for Your information and personal use only and may not be used, copied, reproduced, distributed, transmitted, broadcast, displayed, sold, licensed, or otherwise exploited for any other purposes whatsoever without the prior written consent of the respective owners. Joker chance reserves all rights not expressly granted herein to the Platform and the Materials. You agree to not engage in the use, copying, or distribution of any of the Materials other than as expressly permitted herein, including any use, copying, or distribution of Materials of third parties obtained through the Platform for any commercial purposes. You agree not to circumvent, disable or otherwise interfere with security-related features of the Platform or features that prevent or restrict use or copying of any Materials or enforce limitations on use of the Platform or the Materials therein. The content displayed on or through the provision of the services is protected by copyright as a collective work and/or compilation, under copyright laws, other laws, and international conventions. Any reproduction, modification, creation of derivative works from or redistribution of the Platform, the Materials, or the collective work or compilation is expressly prohibited. Copying or reproducing the Platform, the Materials, or any portion thereof for further reproduction or redistribution is expressly prohibited.</div><div wfd-id=\"89\"><br></div><h3><span style=\"color: rgb(239, 198, 49); background-color: rgb(255, 255, 255);\" wfd-id=\"88\">User Submissions</span></h3><div wfd-id=\"87\"><br></div><div wfd-id=\"86\">You accept that various things can go wrong when using the Platform and the Services provided through the Platform. You take on the responsibility and liability of these events happening and will have no claim against Joker chance if they happen. When using the Platform, You will be exposed to Materials from a variety of sources, and that, as far as the applicable law allows, Joker chance is not responsible for the accuracy, usefulness, safety, or intellectual property rights of or relating to such Materials, and You agree and assume all liability for Your use. You further may be exposed to Materials that are inaccurate, offensive, indecent, objectionable, defamatory or libelous and, as far as the law allows, You agree to waive and hereby do waive, any legal or equitable rights or remedies You have or may have against Joker chance with respect thereto.</div><div wfd-id=\"85\">Digital Media</div><div wfd-id=\"84\">You consent to the use of Your name in the event You are the Winner of any of the Campaign Draws. This includes but is not limited to the use of Your name in the local and regional press, on the Platform, and on any social (online) media profile associated with Us.</div><div wfd-id=\"83\">You consent that We have the right to use any digital records made by Us including, but not limited to, photographs, videos and call recordings of, the Prize, the Campaign Draw, the winning phone call and the collection of the Prize, on the Platform and any social (online) media profile associated with Us. These digital records may include imagery and/or voice recordings of the Winner and/or their name.</div><div wfd-id=\"82\"><br></div><h3><span style=\"color: rgb(239, 198, 49); background-color: rgb(255, 255, 255);\" wfd-id=\"81\">Disclaimer for Third Party Applications</span></h3><div wfd-id=\"80\"><br></div><div wfd-id=\"79\">The use of any third party application is subject to any terms and conditions provided with such third party application and is not governed by Us. The use of third party applications is solely Your responsibility since Joker chance does not govern the use of such third party applications. Joker chance is not responsible for any third-party applications and You acknowledge that such applications may be modified or removed by their original publisher and/or respective rights owner at any time. You assume all responsibility and risk of use of any third-party applications (including any content therein) and Joker chance hereby disclaims any liability to You or any third party related thereto.</div><div wfd-id=\"78\">Joker chance does not have any obligation to examine or scan third party applications, for any purpose, and is not responsible for the accuracy, completeness, appropriateness or legality of any third-party applications. The fact that a third party application is available via any online platform or otherwise is not an endorsement, authorization or representation of Joker chance\'s affiliation with any third party, nor is it an endorsement of such third party application and You hereby waive, any legal or equitable rights or remedies You have or may have against Joker chance with respect thereto. Joker chance exercises no control over third-party applications, products, services, software or any online platform and We are not responsible for their performance, do not endorse them, and are not responsible or liable for any content, advertising, or other materials available through any third-party applications, products, services, software, and any online platform. We are not responsible or liable, directly or indirectly, for any damage or loss caused to You by Your use of or reliance on any goods or services available through the third-party applications, products, services, software, and any online platform..</div><div wfd-id=\"77\"><br></div><h3><span style=\"color: rgb(239, 198, 49); background-color: rgb(255, 255, 255);\" wfd-id=\"76\">Limitations of Liability</span></h3><div wfd-id=\"75\"><br></div><div wfd-id=\"74\">To offer a reliable and enjoyable service We need to fix bugs, install updates, and perform general diagnosis and maintenance. We, cannot warrant that the Platform and Services will always be uninterrupted, problem-free, free of omission, or error-free. To the extent allowed by law, content and function of the Platform, and Services, are provided on an \"as is\" basis without warranties of any kind, either expressed or implied.</div><div wfd-id=\"73\">Information obtained on the Platform may not always be accurate. We use other providers to provide data on which We base the information detailed on the Platform. We try to make sure that the data is correct and up-to-date together with Our partners, but We cannot guarantee that it will always be.</div><div wfd-id=\"72\">In no event will Joker chance nor will any of Our data providers be liable for any incidental, indirect, special, punitive, exemplary, or consequential damages, arising out of Your use of or inability to use the App, including without limitation, loss of revenue or anticipated profits, loss of goodwill, loss of business, loss of data, computer failure or malfunction, or any other damages.</div><div wfd-id=\"71\">WE EXPRESSLY DISCLAIM ALL WARRANTIES AND CONDITIONS OF ANY KIND, WHETHER EXPRESS OR IMPLIED, INCLUDING, BUT NOT LIMITED TO THE IMPLIED WARRANTIES AND CONDITIONS OF MERCHANTABILITY, FITNESS FOR A PARTICULAR PURPOSE AND NON-INFRINGEMENT.</div><div wfd-id=\"70\">In conjunction with the limitation of warranties as explained herein, You expressly understand and agree that any claim against Us shall be limited to the amount You paid to Us, if any, for use of our Platform and/or Services.</div><div wfd-id=\"69\"><br></div><h3><span style=\"color: rgb(239, 198, 49); background-color: rgb(255, 255, 255);\" wfd-id=\"68\">Indemnity</span></h3><div wfd-id=\"67\"><br></div><div wfd-id=\"66\">You agree to defend, indemnify and hold harmless Joker chance and its affiliates and subsidiaries, and its and their, officers, directors, shareholders, successors, assigns, agents, service providers, suppliers, and employees, from and against any claims, damages, obligations, losses (whether direct, indirect or consequential), liabilities, costs or debt, and expenses (including but not limited to attorneys\' fees) arising from (i) Your breach of any provision of this User Agreement; (ii) Your breach of any third party right, including without limitation any copyright, trademark, trade secret or other property, or privacy right; (iii) Your use of the Platform or the Service, or (iv) any claim that the Platform, Services or any Materials caused damage to You or a third party. This defense and indemnification obligation will survive termination, modification, or expiration of this User Agreement and Your use of the Service and the Platform.</div><div wfd-id=\"65\"><br></div><h3><span style=\"color: rgb(239, 198, 49); background-color: rgb(255, 255, 255);\" wfd-id=\"64\">No Spam Policy</span></h3><div wfd-id=\"63\"><br></div><div wfd-id=\"62\">You understand and agree that sending unsolicited email advertisements or other unsolicited communications to Joker chance email addresses or through Joker chance information systems is expressly prohibited by these Terms. Any unauthorized use of Joker chance computer systems is a violation of this User Agreement and certain applicable laws, in particular, the UAE Cybercrimes legislation. Such violations may subject the sender and his or her agents to civil and criminal penalties. Please note that the UAE Cybercrimes legislation carries significant penalties including imprisonment. In case You intend to solicit or contact Our Users by obtaining their email or phone numbers from Our Platform, we may report this behaviour to the relevant authorities, who then may decide to prosecute You under the relevant UAE laws.</div><div wfd-id=\"61\"><br></div><h3><span style=\"color: rgb(239, 198, 49); background-color: rgb(255, 255, 255);\" wfd-id=\"60\">Limitation and Termination of Service</span></h3><div wfd-id=\"59\"><br></div><div wfd-id=\"58\">Joker chance may establish limits from time to time concerning the use of the Service, including among others, the maximum number of days that content will be maintained or retained by the Service, the maximum number and size of postings, e-mail messages, or other Content that may be transmitted or stored by the Service, and the frequency with which You may access the Service or the Platform.</div><div wfd-id=\"57\">Assignment</div><div wfd-id=\"56\"><br></div><div wfd-id=\"55\">These Terms, and any rights and licenses granted hereunder, may not be transferred or assigned by You but may be assigned by Joker chance without restriction. Any assignment or transfer by You shall be null and void.</div><div wfd-id=\"54\"><br></div><h3><span style=\"color: rgb(239, 198, 49);\" wfd-id=\"53\">General Information</span></h3><div wfd-id=\"52\">The failure of Joker\'s chance to exercise or enforce any right or provision of this User Agreement shall not constitute a waiver of such right or provision.&nbsp;</div><div wfd-id=\"51\">If any provision of this User Agreement is found by a court of competent jurisdiction to be invalid (including, without limitation, because such provision is inconsistent with the laws of another jurisdiction) or inapplicable, We and You nevertheless agree that the court should endeavor to give effect to Our intentions as reflected in this User Agreement. If any provision or provisions of this User Agreement is held to be invalid, illegal or unenforceable, the validity, legality, and enforceability of the remaining provisions of this User Agreement shall not in any way be affected or be impaired.</div><div wfd-id=\"50\"><br></div><div wfd-id=\"49\">YOU AGREE THAT ANY CAUSE OF ACTION BROUGHT BY YOU AND ARISING OUT OF OR RELATED TO YOUR USE OF THE SERVICE AND/OR THE PLATFORM MUST COMMENCE WITHIN A REASONABLE TIME AND IN ANY EVENT WITHIN ONE (1) YEAR AFTER THE CAUSE OF ACTION ACCRUES.</div><div wfd-id=\"48\"><br></div><h3><span style=\"color: rgb(239, 198, 49);\" wfd-id=\"47\">Governing law and Dispute Resolution</span></h3><div wfd-id=\"46\"><br></div><div wfd-id=\"45\">Any dispute arising out of or in connection with this User Agreement, including any question regarding its existence, validity or termination, shall be subject to the exclusive jurisdiction of the Courts of the Dubai International Financial Centre. This Agreement shall be governed by and construed by the laws of the Dubai International Financial Centre.</div><div wfd-id=\"44\">Financial Centre.</div><div wfd-id=\"43\"><br></div>', 'الشروط و الأحكام', 'الشروط و الأحكام', '<h3><span style=\"color: rgb(239, 198, 49);\" wfd-id=\"331\">التأهل للعضوية</span></h3><div wfd-id=\"330\"><br></div><ul wfd-id=\"325\"><li wfd-id=\"329\">إن ضمان أهلية المستخدمين وأعضاء المنصات وقدرتهم على إبرام عقود ملزمة قانونيا يعد أمرا مهما للغاية بالنسبة لنا، إذ يمنع من هو أقل من السن القانونية من شراء المنتجات الخاصة بنا واستخدام منصاتنا وعرض المحتوى غير المتناسب مع فئتهم العمرية، لذلك يحظر مشاركة/ استخدام من هم دون الـ 18 عاما لأي من المنصات الإلكترونية الخاصة بنا. أنت تصرح وتقر بأنك تبلغ 18 سنة من العمر على الأقل وبأن جميع البيانات التي قمت بإدخالها أثناء التسجيل على المنصة الإلكترونية هي بيانات صحيحة ودقيقة.</li><li wfd-id=\"328\">تحتفظ جوكر شانس ، بحسب سلطتها التقديرية، بالحق في رفض العضوية أو تقييد صلاحيات العضوية أو إيقافها أو إلغاء العضوية على المنصة الإلكترونية لأي شخص في حال اعتقدت جوكر شانس بأن الشخص دون سن 18 عاما، أو في حال قام الشخص بتزويدنا بمعلومات تراها جوكر شانس غير صحيحة أو غير دقيقة أو لأي سبب آخر.</li><li wfd-id=\"327\">تعد المنصة الإلكترونية غير متاحة للأشخاص الذين تم رفض أو تقييد أو توقيف أو حذف عضويتهم من قبل جوكر شانس .</li><li wfd-id=\"326\">لا يجوز لأي شخص التسجيل كعضو في المنصة الإلكترونية أكثر من مرة.</li></ul><p><br></p><h3><span style=\"color: rgb(239, 198, 49);\" wfd-id=\"323\"><span style=\"font-size: 1rem;\" wfd-id=\"324\">قواعد وأحكام خاصة بالتسجيل والعضوية</span></span></h3><p>يتوجب عليك إنشاء حساب وتسجيل المعلومات المطلوبة لإنشاء عضوية على المنصة الإلكترونية (العضوية)، وذلك كي تتمكن من الوصول إلى خدماتنا والاستفادة منها. أنت توافق على أن جميع المعلومات المقدمة إلينا بموجب هذه الاتفاقية ستكون كاملة ودقيقة باسمك، وبأنك لن تسجل باسم شخص آخر، أو تحاول تسجيل العضوية باسم شخص آخر، كما يجب ألا تختار اسما غير لائق أو استفزازي، إذ تحتفظ جوكر شانس ، بحسب سلطتها التقديرية، بحق عدم السماح لك بالتسجيل في حال عدم الالتزام بأي مما ورد أعلاه.</p><div wfd-id=\"322\">تحملك جوكر شانس&nbsp; مسؤولية تحديث البيانات الخاصة بك بشكل مستمر والحفاظ عليها صحيحة ودقيقة ومحدثة وكاملة. في حال قمت بتقديم أي معلومات غير صحيحة أو غير دقيقة أو غير محدثة أو غير كاملة، أو إذا كان لدى جوكر شانس أسباب للاشتباه في أن هذه المعلومات غير صحيحة أو غير دقيقة أو غير محدثة أو غير كاملة أو لا تتفق مع بنود اتفاقية المستخدم، فإن جوكر شانس تحتفظ، بحسب سلطتها التقديرية، بالحق في إيقاف أو تحديد صلاحيات أو إلغاء عضوية المنصة الإلكترونية التابعة لهذا المستخدم.</div><div wfd-id=\"321\">فور تقديم طلب التسجيل للحصول على عضوية في المنصة الإلكترونية فإنك مطالب بالإفصاح عن معلومات محددة واختيار اسم مستخدم وكلمة مرور سرية لاستعمالها عند الدخول إلى المنصة الإلكترونية. بهدف الحفاظ على أمن وسلامة حسابك، فإنه يتوجب عليك الحفاظ على سرية معلومات حسابك وكلمة المرور السرية الخاصة بك، وبالتالي فإنك مسؤول عن وضع قيود على وصول الغير إلى حسابك. وبالتالي فإنك توافق على تحمل مسؤولية كافة الأنشطة التي تتم عبر حسابك المسجل لدينا، كما وأننا نحملك مسؤولية الأنشطة التي يقوم بها أي شخص آخر يقوم باستخدام حسابك الخاص ورقم المرور التابع له. لن يتم السماح لك في حال إلغاء العضوية بالوصول إلى المنصة الإلكترونية أو إلى العضوية التي قمت بتسجيلها لدينا، ويحق لنا استخدام جميع الوسائل المتاحة لإلغاء عضويتك. وبالتالي فإنك توافق على إخطار جوكر شانس&nbsp; فورا بأي استخدام غير مصرح به لكلمة المرور أو الحساب أو أي خرق آخر لأمن حسابك.</div><div wfd-id=\"320\">لا ينبغي لك استخدام أي عضوية خاصة بمستخدم آخر في أي وقت من الأوقات، إذ أنك توافق على تعويض جوكر شانس&nbsp; بالكامل عن قيمة وتكاليف الاستخدام غير اللائق أو غير المصرح به أو غير القانوني لحسابك، وذلك من قبلك أو من قبل أي شخص آخر حاصل على إمكانية الدخول لحسابك عبر كلمة المرور الخاصة بك.</div><div wfd-id=\"319\">لا يجوز لك نقل أو بيع حسابك على جوكر شانس إلى طرف آخر، كما أنك تتعهد بأنك المسؤول الوحيد عن جميع النشاطات الصادرة عن عضويتك.الاتصال الإلكتروني</div><div wfd-id=\"318\"><br></div><h3><span style=\"background-color: rgb(247, 247, 247); color: rgb(239, 198, 49);\" wfd-id=\"317\">الاتصال الإلكتروني</span></h3><div wfd-id=\"316\"><br></div><div wfd-id=\"315\">يتوجب عليك إنشاء حساب وتسجيل المعلومات المطلوبة لإنشاء عضوية على المنصة الإلكترونية (العضوية)، وذلك كي تتمكن من الوصول إلى خدماتنا والاستفادة منها. أنت توافق على أن جميع المعلومات المقدمة إلينا بموجب هذه الاتفاقية ستكون كاملة ودقيقة باسمك، وبأنك لن تسجل باسم شخص آخر، أو تحاول تسجيل العضوية باسم شخص آخر أو أن تختار اسما غير لائق أو مسيء، إذ تحتفظ جوكر شانس ، بحسب سلطتها التقديرية، بحق عدم السماح لك بالتسجيل في حال عدم الالتزام بأي مما ورد أعلاه.</div><div wfd-id=\"314\"><br></div><h3><span style=\"color: rgb(239, 198, 49); background-color: rgb(247, 247, 247);\" wfd-id=\"313\">سلوك المستخدم</span></h3><div wfd-id=\"312\"><br></div><div wfd-id=\"311\">لا يجوز لك الوصول إلى أو استخدام المنصة الإلكترونية أو الخدمات المقدمة لأي غرض آخر غير الغرض الذي نوفره لك، حيث أننا قد نقوم بحظر أنشطة معينة متعلقة بالمنصة والخدمات وفقا لتقديرنا. تتضمن هذه الأنشطة </div><div wfd-id=\"309\"><span style=\"font-size: 1rem;\" wfd-id=\"310\">المحظورة، على سبيل المثال لا الحصر، ما يلي:</span></div><div wfd-id=\"307\"><span style=\"font-size: 1rem;\" wfd-id=\"308\"><br></span></div><ul wfd-id=\"295\"><li wfd-id=\"306\">النشاط الجنائي أو الإجرامي أو الضار بالآخرين، بما في ذلك: الاحتيال أو الاتجار في المواد المخلة بالآداب أو الاتجار بالمخدرات أو المقامرة أو التحرش أو المطاردة أو البريد الإلكتروني غير المرغوب فيه أو انتهاك حقوق النشر أو انتهاك براءة الاختراع أو سرقة الأسرار التجارية المتعلقة بنا.</li><li wfd-id=\"305\">\nنشر أو بث أي إعلان أو مادة دعائية أو أي شكل من أشكال الترويج بهدف بيع منتجات أو خدمات للمستخدمين دون الحصول على إذن خطي من شركة جوكر شانس .</li><li wfd-id=\"304\">\nالقيام بنقل الرسائل المتسلسلة أو رسائل البريد الإلكترونية غير الهامة أو المزعجة إلى مستخدمي المنصة الإلكترونية.</li><li wfd-id=\"303\">\nاستخدام أي معلومات تم الحصول عليها من الخدمة بهدف الاتصال أو الترويج أو عرض أو بيع أي منتجات أو خدمات لأي مستخدم دون الحصول على موافقتهم الصريحة مسبقا.</li><li wfd-id=\"302\">\nلوصول أو محاولة الوصول إلى الموقع أو أي جزء منه من خلال أي وسائل آلية. على سبيل المثال لا الحصر، استخدام البرامج النصية لإرسال التعليقات أو الرسائل.</li><li wfd-id=\"301\">\nالمشاركة في أي نشاط يعمل على تعطيل المنصة أو يتعارض مع الخدمة التي تقدمها أو مع أداء الخوادم أو مع أداء الشبكات أو الخدمات المرتبطة.\nمحاولة انتحال شخصية مستخدم أو شخص آخر.\nاستخدام حساب شخص آخر أو بيانات التعريف الخاصة به.</li><li wfd-id=\"300\">\nاستخدام أي معلومات تم الحصول عليها من الخدمة بهدف التحرش أو الإساءة أو إيذاء شخص آخر.\nقبول مبلغ مالي أو أي شيء ذو قيمة من طرف ثالث مقابل أداء أي نشاط تجاري أو إعلاني على منصة الخدمة أو من خلالها نيابة عن ذلك الطرف.</li><li wfd-id=\"299\">\nاستخدام منصة الخدمة بطريقة تتعارض مع أي من الشروط والأحكام المتفق عليها.\nالأنشطة المؤذية أو البذيئة أو غير القانونية أو المهددة أو المضايقة أو المسيئة للذات الإلهية أو غير الأخلاقية أو التشهيرية أو الفاضحة أو الإباحية، أو تلك الأنشطة التي تحتوي على مواد غير لائقة للأطفال أو هجومية أو التي تنتهك حقوق الآخرين أو تنتهك خصوصيتهم أو تنشر الكراهية أو تحث على العنصرية أو التمييز العرقي أو تنتقص من قدر الآخرين أو تتعلق بـ/ تشجع على غسل الأموال أو المقامرة غير القانونية أو الإضرار بالآخرين، إضافة إلى النشاطات التي يمكن لها أن تلحق الضرر بالقاصرين بأي طريقة، أو تلك الأنشطة التي تخرق القانون وبأي شكل من الأشكال.\nأي نشاط يزعج أو يهين أو يخيف أو يحض على الكراهية تجاه أي فرد أو مجموعة من الأفراد على أساس الدين أو النوع أو الميول الجنسية أو العرق أو الطائفة أو العمر أو الإعاقة.\nأي نشاط ينتهك أي قوانين متعلقة بالمساواة في فرص العمل، بما في ذلك على سبيل المثال لا الحصر، إعلانات التوظيف المحظورة والتي تحتوي على أي تفضيلات أو شروط مبنية على أساس العرق أو اللون أو الدين أو الجنس أو الأصل أو العمر أو الإعاقة.</li><li wfd-id=\"298\">أي نشاط يتضمن أي معلومات شخصية أو تعريفية لشخص آخر دون الحصول على الموافقة الصريحة لذلك الشخص.</li><li wfd-id=\"297\">الأنشطة التي يتم فيها انتحال شخصية أي فرد أو جهة معينة، بما في ذلك على سبيل المثال لا الحصر، أي من موظفي جوكر شانس ، أو أي نشاط تضليلي أو نشاط يتم فيه تقديم بيان زائف بخصوص تمثيل شخص أو جهة معينة.</li><li wfd-id=\"296\">أي نشاط يتم من خلاله إرسال رسائل خادعة أو مضللة للأشخاص وغير صادقة حيال اسم الجهة المرسلة، أو نشاط يتم فيه نقل معلومات تحتوي على نصوص عدائية وخطيرة بطبيعتها.</li></ul><div wfd-id=\"293\"><span style=\"font-weight: bold;\" wfd-id=\"294\">بالإضافة إلى ذلك، فإنك توافق على عدم:</span></div><div wfd-id=\"291\"><span style=\"font-weight: bold;\" wfd-id=\"292\"><br></span></div><div wfd-id=\"290\">الاتصال بأي شخص بعد أن طلب عدم الاتصال به، أو إجراء اتصال غير مرغوب فيه لأهداف تجارية أو تسويقية.</div><div wfd-id=\"289\">استخدام الوسائل ذات التشغيل الآلي، بما في ذلك برامج العناكب أو الروبوتات أو البرامج الزاحفة أو أدوات التنقيب عن البيانات المخفية أو ما شابهها لتحميل أو استخلاص البيانات من الخدمة، إلا أن ذلك لا يشمل تلك البرامج التي يتم استخدامها بواسطة محركات البحث على شبكة الإنترنت مثل محرك البحث جوجل، إضافة إلى الأرشيفات العامة غير الربحية المتوافقة مع ملفاتنا من نوع robots.txt مثل أرشيف الإنترنت archive.org.</div><div wfd-id=\"288\">محاولة الوصول غير المصرح به إلى أنظمة الكمبيوتر التي تمتلكها شركة جوكر شانس&nbsp; أو تتحكم بها، والمشاركة في أي أنشطة تقوم بتوقيف الخدمة أو تقلل من جودتها، أو أي أنشطة تقوم بإحداث أي تداخل في أداء أو عمل المنصة الإلكترونية.</div><div wfd-id=\"287\">يخضع أي محتوى يتم تحميله من قبلك للقوانين المعمول بها وقد يتم تعطيله، كما قد يتم فحصه بموجب القوانين المعمول بها. علاوة على ذلك، إذا وجدنا بأنك غير ملتزم بالشروط والأحكام، فإننا نملك الحق بإنهاء /حجب حسابك من الدخول إلى الموقع، كما أننا نحتفظ بالحق في إزالة أي محتوى غير خاضع للقوانين الخاصة بنا.</div><div wfd-id=\"286\">تعتبر أنت وحدك المسؤول عن العواقب أو الخسائر أو الأضرار المباشرة أو غير المباشرة والتي قد نتعرض لها، أو عن تلك العواقب الناجمة عن النشاطات التي قمت بها.</div><div wfd-id=\"285\"><br></div><h3><span style=\"color: rgb(239, 198, 49); background-color: rgb(247, 247, 247);\" wfd-id=\"284\">بوابة الدفع</span></h3><div wfd-id=\"283\"><br></div><div wfd-id=\"282\">إذا قمت بالدفع لقاء إحدى خدماتنا على المنصة الإلكترونية الخاصة بنا، فإنك ستقوم بإدخال بيانات بطاقة الدفع الخاصة بك عبر بوابة الدفع الإلكتروني مباشرة وبشكل آمن، إذ يمكننا بعد ذلك تحصيل المبلغ المدفوع من مزود الخدمة.</div><div wfd-id=\"281\">یتوجب علی حامل البطاقة الاحتفاظ بنسخة من إيصال عملية الدفع إضافة إلى نسخة من الشروط والأحكام الخاصة بالبائع.</div><div wfd-id=\"280\">قد يؤدي القيام بعدة عمليات شراء إلى إرسال مجموعة من التنبيهات، والتي ستظهر ضمن كشف الحساب الشهري لحامل البطاقة.</div><div wfd-id=\"278\"><span style=\"font-size: 1rem;\" wfd-id=\"279\">تشمل أسعار المنتجات المعروضة على المنصة الإلكترونية الخاصة بنا ضريبة القيمة المضافة.</span></div><div wfd-id=\"276\"><span style=\"font-size: 1rem;\" wfd-id=\"277\"><br></span><br></div><h3><span style=\"color: rgb(239, 198, 49); background-color: rgb(247, 247, 247);\" wfd-id=\"275\">سياسة الاسترداد والإلغاء</span></h3><div wfd-id=\"274\"><br></div><div wfd-id=\"273\">تعد جميع عمليات شراء السلع نهائية وغير قابلة للإلغاء.</div><div wfd-id=\"272\">في حال وجود عيب أو خلل في المنتج، فإن شركة جوكر شانس ستتكفل بتبديل هذا المنتج فقط، وذلك سيكون وفقا للضمان و/ أو الكفالة التي تقدمها الشركة المصنعة لهذا المنتج. لا تتحمل شركة جوكر شانس أي مسؤولية فيما يتعلق بأي عيب أو خلل في الجوائز التي يتم تقديمها ضمن حملة السحوبات الترويجية.</div><div wfd-id=\"271\">لا يمكن استرداد المبالغ المدفوعة بأي شكل من الأشكال.</div><div wfd-id=\"270\"><br></div><h3><span style=\"color: rgb(239, 198, 49); background-color: rgb(247, 247, 247);\" wfd-id=\"269\">حقوق الملكية الفكرية</span></h3><div wfd-id=\"268\"><br></div><div wfd-id=\"267\">تعتبر المنصة الإلكترونية وجميع المواد الموجودة عليها مملوكة لشركة جوكر شانس&nbsp; وبشكل مرخص، بما في ذلك على سبيل المثال ، النصوص والبرامج والبرمجيات النصية والصور والرسومات والأصوات والموسيقى ومقاطع الفيديو والمزايا التفاعلية وما شابهها من مواد، إضافة إلى العلامات التجارية وعلامات الخدمة وجميع الشعارات الواردة، كما أنها خاضعة لحقوق الطبع والنشر وحقوق الملكية الفكرية الأخرى بموجب قوانين الطبع والنشر الدولية المتفق عليها والقوانين المعمول بها في دولة الإمارات العربية المتحدة. قد تعرض المنصة الإلكترونية ضمن خدماتها منتجات تابعة لأطراف خارجية وذات حقوق نشر خاصة بها، كما وقد يخضع استخدام هذه المنتجات إلى ترخيص تمنحه هذه الأطراف الخارجية لشركة جوكر شانس . لا ينبغي عليك بأي حال من الأحوال عمل هندسة عكسية أو تحويل المبادئ التقنية أو تفكيك بنية تلك المنتجات أو الأنظمة، ولا يفسر أي مما ورد في هذه الشروط على أنه يمنحك أي حق يتعلق بهذه المنتجات أو الأنظمة. يتم تقديم المواد إليك على المنصة الإلكترونية كما هي، وذلك للاستخدام الشخصي ولمنحك المعلومات فقط، ولا يجوز لك استخدامها أو نسخها أو إعادة إنتاجها أو توزيعها أو نقلها أو بثها أو عرضها أو بيعها أو ترخيصها أو استغلالها لأي أغراض أخرى أياً كانت دون الحصول على موافقة خطية مسبقة من مالكيها. تحتفظ جوكر شانس بجميع الحقوق غير الممنوحة بصورة حصرية بموجب هذه الشروط للمنصة الإلكترونية والمواد التابعة لها. وبالتالي، فإنك توافق على عدم الانخراط في أي نشاط لاستخدام أو نسخ أو توزيع أي من المواد بخلاف تلك المصرح بها بموجب هذه الشروط، بما في ذلك أي استخدام أو نسخ أو توزيع أي مواد مملوكة لأطراف خارجية تم الحصول عليها من خلال المنصة الإلكترونية لأي أغراض تجارية. إضافة إلى ذلك، فإنك توافق أيضا على عدم التحايل أو تعطيل أو التدخل أو القيام بأي أمر مشابه قد يؤثر على المزايا الأمنية للمنصة الإلكترونية أو على الخصائص والأنظمة التي تمنع أو تقيد استخدام أو نسخ بيانات المنصة الإلكترونية أو المواد الموجودة عليها. إن المحتوى المعروض على أو من خلال المنصة محمي بموجب حقوق النشر كعمل مشترك و/ أو مصنف جماعي وفقا لقوانين حقوق النشر والقوانين الأخرى والاتفاقيات الدولية، كما ويحظر بشكل صريح إعادة إنتاج أو تعديل أو إنشاء أعمال مشتقة من المنصة الإلكترونية، أو إعادة توزيع بيانات المنصة أو المواد الموجودة عليها أو بيانات العمل المشترك أو المصنف الجماعي. يمنع منعا باتا نسخ أو إعادة إنتاج المنصة الإلكترونية أو المواد الموجودة عليها أو أي جزء منها بهدف إعادة إنتاجها أو إعادة توزيعها.</div><div wfd-id=\"266\"><br></div><div wfd-id=\"264\"><span style=\"font-weight: bold;\" wfd-id=\"265\">أنا كمستخدم أقر ب:</span></div><div wfd-id=\"263\"><br></div><div wfd-id=\"262\">بأنه قد تحدث عدة مشكلات عند استخدام المنصة الإلكترونية أو أي من الخدمات المقدمة من خلالها، كما أنك تتحمل كامل المسؤولية والالتزام عن تلك الأحداث التي قد تقع، ولا يحق لك رفع أية مطالبة ضد شركة جوكر شانس في أي حال من الأحوال. عند استخدامك للمنصة الإلكترونية الخاصة بنا، فإنك ستشاهد محتوى من مصادر خارجية عدة، ووفقا لما يسمح به القانون، فإن جوكر شانس لن تتحمل أي مسؤولية حيال دقة أو فائدة أو سلامة المحتوى المعروض أو حتى حقوق الملكية الفكرية المتعلقة به، حيث أنك توافق على تحمل كافة المسؤوليات الخاصة بالاستخدام. علاوة على ذلك، فإنك تتفهم وتوافق على أنك قد تشاهد محتوى غير دقيق أو مسيء أو غير لائق أو كريه أو مشوه للسمعة أو تشهيري، وبقدر ما يسمح به القانون، فإنك توافق على التنازل أو تتنازل بموجب هذه الشروط عن أي حقوق قانونية أو تسويات أو تعويضات يمكنك رفعها فيما يتعلق بجميع ما سبق ذكره ضد جوكر شانس .</div><div wfd-id=\"261\"><br></div><h3><span style=\"color: rgb(239, 198, 49); background-color: rgb(247, 247, 247);\" wfd-id=\"260\">وسائل الإعلام الرقمية</span></h3><div wfd-id=\"259\"><br></div><div wfd-id=\"258\">في حال فوزك في أي من حملاتنا الترويجية فإنك توافق على استخدام اسمك عبر وسائل الإعلام، وهذا يشمل على سبيل المثال لا الحصر استخدام اسمك في الصحافة المحلية والإقليمية، وعبر المنصة وعلى أي ملف موقع للتواصل الاجتماعي عبر الإنترنت متعلق بنا.</div><div wfd-id=\"257\">أنت توافق على إعطائنا الحق في استخدام أي من البيانات الرقمية التي تم حفظها من قبلنا بما في ذلك، على سبيل المثال لا الحصر، الصور ومقاطع الفيديو وتسجيلات المكالمات عند الإبلاغ عن الفوز وأي بيانات متعلقة بعملية السحب واستلام الجائزة، وذلك عبر المنصة الإلكترونية وعلى أي صفحة خاصة بنا عبر وسائل التواصل الاجتماعي مرتبطة بنا، إذ قد تتضمن هذه السجلات الرقمية صوراً و/أو تسجيلات صوتية للفائزين و/أو اسمائهم.</div><div wfd-id=\"256\"><br></div><h3><span style=\"color: rgb(239, 198, 49); background-color: rgb(247, 247, 247);\" wfd-id=\"255\">إخلاء المسؤولية عن تطبيقات الطرف الثالث</span></h3><div wfd-id=\"254\"><br></div><div wfd-id=\"253\">عند استخدام تطبيقات خاصة بطرف ثالث، فإن هذه التطبيقات لديها شروط وأحكام خاصة بها ولا تملك جوكر شانس أي سلطة تجاه هذه التطبيقات، وبالتالي فإن مسؤولية استخدام تطبيقات الطرف الثالث تقع على عاتقك وحدك نظرا لأن جوكر شانس لا تدير هذه التطبيقات. إن جوكر شانس ليست مسؤولة عن أي تطبيقات خاصة بطرف ثالث، وعليك الإقرار بأن مثل هذه التطبيقات يمكن تعديلها أو حذفها في أي وقت من الأوقات من قبل الناشر الأصلي و/ أو مالك حقوق النشر، وعليك أن تتحمل كامل المسؤولية والمخاطر الناجمة عن استخدام أي من تطبيقات الطرف الثالث (بما في ذلك المحتوى الموجودة فيها)، حيث أن جوكر شانس&nbsp; تخلي مسؤوليتها تجاهك أو تجاه الطرف الثالث أو أي أمر متعلق به.</div><div wfd-id=\"252\">جوكر شانس&nbsp; غير ملزمة بفحص أو مسح تطبيقات الطرف الثالث لأي غرض من الأغراض، وليست مسؤولة عن دقة واكتمال وملائمة أو قانونية أي تطبيق خاص بالطرف الثالث، وعليك بموجب ذلك التنازل عن أي حقوق قانونية أو تعويضات ضد جوكر شانس فيما يتعلق بذلك. كما أن إتاحة تطبيقات الطرف الثالث من خلال منصات معروفة عبر الإنترنت أو خلافه لا يعني موافقة أو إذن أو تمثيل جوكر شانس أو ارتباطها بأي طرف ثالث، ولا يعتبر أيضا اعتمادا أو موافقة على مثل هذه التطبيقات الخاصة بالطرف الثالث، وعليك بموجب ذلك التنازل عن أي حقوق قانونية أو تعويضات ضد جوكر شانس فيما يتعلق بذلك. لا تمتلك جوكر شانس أي سلطة على التطبيقات والمنتجات والخدمات والبرمجيات، أو أي منصة إلكترونية خاصة بالطرف الثالث، ونحن لسنا مسؤولين عن عملها ولا نعتمدها، كما أننا لسنا مسؤولين عن أي محتوى أو إعلانات أو أي مواد متاحة من خلال التطبيقات أو المنتجات أو الخدمات أو البرمجيات أو المنصات الخاصة بالطرف الثالث. نحن لسنا مسؤولين بشكل مباشر أو غير مباشر عن أي ضرر أو خسارة لحقت بك بسبب استخدامك أو اعتمادك أي منتجات أو خدمات متوفرة من خلال تطبيقات أو منتجات أو خدمات أو برمجيات أو منصات خاصة بالطرف الثالث.</div><div wfd-id=\"251\"><br></div><h3><span style=\"color: rgb(239, 198, 49); background-color: rgb(247, 247, 247);\" wfd-id=\"250\">تحديد المسؤوليات</span></h3><div wfd-id=\"249\"><br></div><div wfd-id=\"248\">كي نتمكن من تقديم خدمة موثوقة وممتعة، فإننا بحاجة إلى إصلاح الأخطاء وتثبيت التحديثات وأداء التشخيصات وأعمال الصيانة العامة للمنصة الإلكترونية، وبالتالي فإنه لا يمكننا أن نضمن بأن المنصة والخدمات ستكون متاحة دائما بلا انقطاع أو خالية من المشاكل أو خالية من العيوب أو الأخطاء. بحسب ما هو مسموح في القانون، فإن المحتوى والوظائف والخدمات المتوفرة سيتم تقديمها إليك كما هي، وبناء على ذلك المبدأ، لن تكون هنالك أي ضمانات من أي نوع، سواء كانت ضمانات صريحة أو ضمنية.</div><div wfd-id=\"247\">قد لا تكون المعلومات التي يتم الحصول عليها على المنصة دقيقة دائما، حيث أننا نستعين بمزودين آخرين لتوفير البيانات التي نبني عليها المعلومات المفصلة والمعروضة على المنصة. إننا نحاول قدر المستطاع التأكد من أن البيانات صحيحة ومحدثة مع شركائنا، إلا أننا لا نستطيع أن نضمن صحتها دائما.</div><div wfd-id=\"246\">لن تتحمل جوكر شانس أو أي من مزودي البيانات لديها، في أي حال من الأحوال، المسؤولية عن الأضرار العرضية أو غير المباشرة أو الخاصة أو الجزائية أو الأضرار التبعية الرادعة التي تنشأ عن استخدامك أو عدم قدرتك على استخدام المنصة أو التطبيق، بما في ذلك على سبيل المثال لا الحصر، خسارة الدخل أو الأرباح المتوقعة، أو فقدان السمعة أو فقدان العمل أو فقدان البيانات، أو تعطل الكمبيوتر أو تعرضه لخلل أو أي أضرار أخرى.</div><div wfd-id=\"245\">إننا نخلي مسؤوليتنا بشكل كامل عن جميع الضمانات الصريحة والضمنية، بما في ذلك على سبيل المثال لا الحصر، الضمانات الضمنية لصلاحية العرض في السوق أو توافقه مع أي استخدام محدد أو عدم انتهاك حقوق الملكية.</div><div wfd-id=\"244\">بالاقتران مع البنود التي سبق ذكرها لتحديد الضمانات، فإنك تقر وتوافق على أن أي مطالبة ضدنا تكون محدودة في إطار المبلغ الذي قمت بدفعه لنا مقابل استخدام منصتنا الإلكترونية أو خدماتنا.</div><div wfd-id=\"243\"><br></div><h3><span style=\"color: rgb(239, 198, 49); background-color: rgb(247, 247, 247);\" wfd-id=\"242\">التعويض</span></h3><div wfd-id=\"241\"><br></div><div wfd-id=\"240\">أنت توافق على الدفاع عن شركة جوكر شانس وتأمينها والحفاظ على سلامتها والشركات التابعة وفروعها، إضافة إلى العاملين فيها/ معها من المسؤولين والمساهمين والإداريين والتابعين لها والوكلاء والمتنازل لهم من قبلها ومقدمي الخدمات والموردين والموظفين من كافة المطالبات أو التعويضات أو الأضرار أو الالتزامات أو الخسائر (سواء أكانت مباشرة أم غير مباشرة أم تبعية) وأي مسؤوليات أو تكاليف أو دين أو مصاريف، بما في ذلك على سبيل المثال لا الحصر، رسوم المحامين الناجمة عن:</div><div wfd-id=\"239\">&nbsp;1 - قيامك بخرق أي بند من بنود اتفاقية المستخدم.</div><div wfd-id=\"238\">&nbsp;2 - قيامك بانتهاك أي حق من حقوق الغير، بما في ذلك على سبيل المثال لا الحصر، حقوق النشر والعلامات التجارية&nbsp; والأسرار التجارية وغيرها من حقوق الملكية والخصوصية.</div><div wfd-id=\"237\">&nbsp;3 - قيامك باستخدام المنصة أو الخدمات</div><div wfd-id=\"236\">&nbsp;4 - أي ادعاء بأن المنصة الإلكترونية أو الخدمات أو أي مواد متعلقة بنا قد تسببت في تعرضك أو تعرض طرف ثالث إلى أي ضرر. يبقى هذا التعهد بالدفاع والتعويض ساريا حتى بعد إنهاء أو تعديل أو انقضاء اتفاقية المستخدم هذه، وحتى بعد توقفك عن استخدام الخدمة والمنصة.</div><div wfd-id=\"235\"><br></div><h3><span style=\"color: rgb(239, 198, 49); background-color: rgb(247, 247, 247);\" wfd-id=\"234\">سياسة منع رسائل البريد الإلكتروني المزعجة</span></h3><div wfd-id=\"233\"><br></div><div wfd-id=\"232\">إنك تدرك وتوافق على أن إرسال إعلانات غير مرغوب فيها عبر رسائل البريد الإلكتروني أو غيرها من وسائل الاتصال غير المرغوب فيها لعناوين البريد الإلكتروني التابعة لـ جوكر شانس عبر النظام الحاسوبي الخاص بـ جوكر شانس ممنوع منعا باتا بموجب هذه الشروط. إن الاستخدام غير المصرح به للأنظمة الحاسوبية الخاصة بـ جوكر شانس يعد خرقا لبنود اتفاقية المستخدم هذه ولمجموعة من القوانين المطبقة، إضافة إلى قوانين دولة الإمارات العربية المتحدة المتعلقة بمكافحة الجرائم الإلكترونية، حيث أن مثل هذه الانتهاكات قد تعرض المرسل ووكلائه لعقوبات مدنية وجنائية. يرجى الملاحظة بأن قوانين الجرائم الإلكترونية في دولة الإمارات العربية المتحدة تنفذ عقوبات صارمة بحق المخالفين، وقد تصل العقوبات إلى السجن. في حال كنت تعتزم أو تحاول الاتصال بمستخدمينا عبر الحصول على بريدهم الإلكتروني أو أرقام هواتفهم الخاصة من خلال منصتنا، فإننا قد نقوم بالإبلاغ عن هذا السلوك للسلطات المختصة والتي قد تقرر مقاضاتك بموجب قوانين دولة الإمارات العربية المتحدة.</div><div wfd-id=\"231\"><br></div><div wfd-id=\"230\"><br></div><h3><span style=\"color: rgb(239, 198, 49); background-color: rgb(247, 247, 247);\" wfd-id=\"229\">تقييد خدمات حسابك وإنهاؤها</span></h3><div wfd-id=\"228\"><br></div><div wfd-id=\"227\">تضع جوكر شانس حدودا تقييدية على استخدام الخدمة من وقت لآخر، ومن ضمن هذه الأمور الحد الأقصى لمدة الاحتفاظ بالمحتوى أو الاحتفاظ بالبيانات على الخدمة، أو الحد الأقصى لعدد المنشورات أو حجمها أو عدد رسائل البريد الإلكتروني أو أي محتوى آخر قد يتم نقله أو تخزينه بواسطة الخدمة، إضافة إلى وتيرة دخولك ووصولك إلى الخدمة أو المنصة.</div><div wfd-id=\"226\">تحتفظ جوكر شانس بالحق في أي وقت بتعديل أو إيقاف الخدمات على المنصة (أو أي جزء منها) بإشعار مسبق أو بدون، كما أن جوكر شانس لن تكون مسؤولة تجاهك أو تجاه أي طرف ثالث عن أي تعديل أو تعليق أو توقيف للخدمات.</div><div wfd-id=\"225\">إنك تقر وتوافق على أن جوكر شانس لها الحق وفقا لتقديرها المطلق (دون أن تكون ملزمة بذلك) بإلغاء أو إبطال حسابك وحجب بريدك الإلكتروني أو عنوان بروتوكول الإنترنت الخاص بك، أو إنهاء حسابك تماما وغيرها من الإجراءات التي تحد من قدرتك على الدخول إلى أو استخدام الخدمة والمنصة (أو أي جزء منها) على الفور ودون أي إشعار مسبق، حيث أن جوكر شانس تملك الحق بالقيام بجميع ما سبق لأي سبب من الأسباب أو بدون أي سبب على الإطلاق. علاوة على ذلك، فإنك توافق على أن جوكر شانس لن تتحمل أي مسؤولية أمامك أو أمام أي طرف ثالث في حال تم إنهاء الحساب وحجب الدخول إلى المنصة الإلكترونية أو الخدمة.</div><div wfd-id=\"224\"><br></div><h3><span style=\"color: rgb(239, 198, 49); background-color: rgb(247, 247, 247);\" wfd-id=\"223\">تحويل الحقوق والتنازل عنها</span></h3><div wfd-id=\"222\"><br></div><div wfd-id=\"221\">لا يجوز نقل أو التنازل من قبلك عن هذه الشروط وأي من الحقوق أو التراخيص الممنوحة بموجب بنود هذه الاتفاقية، ولكن يمكن التنازل عنها من قبل جوكر شانس دون أي قيود، وبالتالي فإن أي تنازل أو نقل لهذه الشروط من قبلك يعتبر ملغيا وباطلا.</div><div wfd-id=\"220\"><br></div><h3><span style=\"color: rgb(239, 198, 49); background-color: rgb(247, 247, 247);\" wfd-id=\"219\">معلومات عامة</span></h3><div wfd-id=\"218\"><br></div><div wfd-id=\"217\">إذا تم إلغاء أي بند تم ذكره في اتفاقية المستخدم هذه أو لم يعد صالحا أو لم يعد فعالا لأي سبب من الأسباب، فإن مثل هذا البند لا يلغي صلاحية باقي البنود الواردة في هذه الاتفاقية.</div><div wfd-id=\"216\">إذا وجدت أي محكمة قضائية مختصة بأن أي بند من بنود هذه الاتفاقية غير سليم، بما في ذلك على سبيل المثال لا الحصر، بسبب تعارض هذه النصوص مع القوانين القضائية لمحكمة أخرى أو جهة أخرى أو بسبب عدم القدرة على تطبيق هذا البند، فعلينا وعليكم التعاون على حث المحكمة قدر المستطاع كي تتخذ التدابير القانونية لتنفيذ رؤيتنا المنصوص عليها ضمن بنود اتفاقية المستخدم. إن أحكام هذه الاتفاقية قابلة للانفصال ولا يؤثر بطلان أو عدم القدرة على تطبيق أي من أحكامها أو حكم معين منها على حكم أو أحكام أخرى، حيث أن باقي الأحكام لا تبطل بأي حال من الأحوال وتبقى ملزمة ونافذة المفعول.</div><div wfd-id=\"215\">إنك توافق على أن أي دعوى مرفوعة أو إجراء قانوني متخذ من قبلك بسبب أو ناجم عن استخدامك للمنصة الإلكترونية و/أو الخدمة، فيجب أن يتم تقديمه للجهات القضائية ضمن فترة زمنية معقولة لا تتجاوز مدة عام واحد من وقت نشوء سبب الدعوى.</div><div wfd-id=\"214\"><br></div><h3><span style=\"color: rgb(239, 198, 49); background-color: rgb(247, 247, 247);\" wfd-id=\"213\">قانون تسوية النزاعات</span></h3><div wfd-id=\"212\"><br></div><div wfd-id=\"211\">إن أي نزاع ناشئ عن هذه الاتفاقية أو فيما يتعلق بها، بما في ذلك النزاعات المتعلقة بفعالية هذه الاتفاقية أو صلاحيتها أو إنهائها، سيتم إحالته إلى المحاكم المختصة التابعة لمركز دبي المالي العالمي، حيث أن هذه الاتفاقية تخضع لقوانين مركز دبي المالي العالمي ويتم تفسيرها وفقا لها.</div><div wfd-id=\"210\"><br></div>', NULL, '2020-11-26 09:20:14', NULL);
INSERT INTO `static_pages` (`id`, `name`, `page_slug`, `meta_tags`, `meta_description`, `active`, `page_title_en`, `page_heading_en`, `page_content_en`, `page_title_ar`, `page_heading_ar`, `page_content_ar`, `created_at`, `updated_at`, `deleted_at`) VALUES
(3, 'Privacy Policy', 'privacy-policy', 'privacy-policy', 'privacy-policy', 1, 'Privacy Policy', 'Privacy Policy', '<h3><span style=\"color: rgb(239, 198, 49);\">Your Information</span></h3><div><br></div><div>The type of information we collect from you is either personal to you, or is general:</div><div>Personal Information: When you register on the Platform as a member, update your information, purchase any goods or services, take part in promotions or send emails to Us, you provide Us with information that We store and process. Such information may include your name, address, phone number, email address, purchase and transaction history, interests, and other such \'Personal Information\'.</div><div><br></div><div>General Information: We also receive more general information from you as a result of your visits to, and use of, the Platform. This general information does not identify you personally, and can include information such as your IP address, the date and time you access the Platform, length of time you spend on the Platform, your browsing history (recorded by the text and graphics files that compose that page), the Internet address of the website from which you linked directly to our Platform, and other such \'General Information\'.</div><div><br></div><h3><span style=\"color: rgb(239, 198, 49); background-color: rgb(239, 239, 239);\">Collecting and Using Information</span></h3><div><br></div><div>All credit/debit card details and personally identifiable information will NOT be stored, sold, shared, rented, or leased to any third parties.</div><div>Most of the Platform can be used without giving Us any information. However, certain services may involve the collection of information from you. We use this information to provide you with a better service, and in particular to keep internal records; improve our products, services, and the Platform; communicate with you if you have ordered, purchased or participated in anything on the Platform; contact you for market research purposes; and provide you with information about new opportunities, promotions, special offers and other information that We may feel is relevant to you. If you contact Us via the Platform, or via email to the contacts set out on the Platform, We may keep a record of that correspondence.</div><div><br></div><div>We use General Information to help Us make the Platform more useful to visitors (including to help Us assess the content of interest to visitors), and for other purposes such as determining the Platform\'s technical design specifications and identifying system performance or problem areas, for tracking activity on the Platform, preparing reports, assessing trends, and otherwise monitoring how the Platform is being used none of which would be in a way that personally identifies any users.</div><div><br></div><div>Some of the advertisements you see on the Platform are selected and delivered by third parties, such as ad networks, advertising agencies, advertisers, and audience segment providers. These third parties may collect information about you and your online activities, either on the Platform or on other websites, through cookies, web beacons, and other technologies to understand your interests and deliver to you advertisements that are tailored to your interests. Please remember that We do not have access to, or control over, the information these third parties may collect. The information practices of these third parties are not covered by this privacy policy.</div><div><br></div><h3><span style=\"color: rgb(239, 198, 49); background-color: rgb(239, 239, 239);\">Non-Disclosure of Personal Information</span></h3><div><br></div><div>You agree that We may share your Personal Information within Our company. We will not share, sell or rent your Personal Information in any manner to any third parties outside Our company except when we have your permission; or if required to do so by law or any governing authority; or to protect our legitimate interests.</div><div>Security</div><div>Keeping your Personal Information secure and preventing unauthorized access is of utmost priority to Us, and We take all steps reasonably necessary to protect your Personal Information against any unauthorized access, use, alteration, disclosure, or destruction. Whilst We have put in place physical, electronic and managerial procedures to secure and safeguard your Personal Information, We will not be held responsible for any unauthorized access by third parties and We cannot guarantee that the Personal Information provided by you or that is transmitted via the Platform or by e-mail is secure and safe.</div><div><br></div><h3><span style=\"color: rgb(239, 198, 49); background-color: rgb(239, 239, 239);\">Use of Cookies</span></h3><div><br></div><div>Like many websites, the Platform uses cookies, which are files that store information on your hard drive. Cookies allow the Platform to identify account holders, track new users, record session information, and generally to optimize your experience. Most browsers accept cookies automatically but if you choose you can disable the cookies from your browser. For online advertising campaigns, cookies are automatically deleted after one (1) month.</div><div>We recommend that you leave cookies \"turned on\" so that you can enjoy a better experience on the Platform. You may occasionally get cookies from companies advertising on Our behalf or on behalf of Our subsidiaries. We do not control these cookies, and these cookies are not subject to this Privacy Policy.</div><div><br></div><h3><span style=\"color: rgb(239, 198, 49); background-color: rgb(239, 239, 239);\">Use of Google Analytics and Google Tracking Pixels</span></h3><div><br></div><div>This Website uses Google Analytics, a web analytics service of Google Inc. (\"Google\"). Google Analytics uses cookies and/or text files to analyze website traffic. The information generated by cookies with your details (including your IP address) is transferred to a Google server in the United States of America. Google processes this information to evaluate your use of the Platform, compile reports about the Platform\'s activity on Our behalf, and deliver other related services regarding website and Internet use. Google may also share this information with third parties insofar as this is necessary or if these third parties process the information on behalf of Google. Under no circumstances will Google use your IP address in connection with other data supplied by Google.</div><div>You may disable the cookies from your browser by adjusting your browser settings. However, in this scenario, you may not be able to make full use of all the functions available on the Platform. By using the Platform, you agree to Google\'s processing of the type of information discussed in this section in the manner contemplated in this Policy. Us, and our respective suppliers, and any of our shareholders, subsidiaries, parent companies, and any of Our and their officers, directors, managers, members, agents, and employees, are not liable for any direct, indirect, punitive, incidental, special, or consequential damages or loss (including, without limitation, incidental and consequential damages, lost profits, or damages resulting from lost data or business interruption) arising out of, or in a way connected with, the use of the type of information discussed in this section.</div><div><br></div><h3><span style=\"color: rgb(239, 198, 49); background-color: rgb(239, 239, 239);\">Tracking Pixels</span></h3><div><br></div><div>Facebook and Google tracking pixels are used on the Platform. This means that third parties may use cookies, web beacons, and similar technologies to collect or receive information from the Platform and elsewhere on the internet and use that information to provide measurement services and targeted adverts. If you wish to opt-out of the use of these tracking pixels please adjust your browser settings</div><div><br></div><div><br></div><h3><span style=\"color: rgb(239, 198, 49); background-color: rgb(239, 239, 239);\">User agreement</span></h3><div><br></div><div>The below preamble and general terms and conditions (\"General Terms\"), along with the privacy policy (\"Privacy Policy\"), and draw terms and conditions (\"Draw Terms\") (together with the \"User Agreement\") constitute the contract between You and Joker chance Enterprises LLC (\"Joker chance\", \"We\", \"Us\", \"Our\") relating to the use of Our website (\"Site\") and Our mobile app (\"App\") (together with the \"Platform\") and Your participation in Our campaign draws (\"Campaign Draws\").&nbsp;</div><div>Preamble</div><div><br></div><div>Any party using the Platform and/or participating in a Campaign&nbsp; Draw(\"User\", \"You\", \"Your\"), agrees to be bound by this User Agreement. If You do not agree to this User Agreement or any of its terms (including any amendments), then You should immediately cease using the Platform and not enter any Campaign Draw.</div><div>&nbsp;This User Agreement is in effect as of 23 Feb 2020. We may amend this Use Agreement at any point in time without notice and the amendments will take effect once they have been displayed on the Platform. You acknowledge and agree that it is Your responsibility to review this User Agreement periodically to familiarize Yourself with any modifications. Your continued use of the Platform or any of Our products, offerings, and services, including, but not limited to, Campaign Draws (\"Services\") following any amendments shall be construed as acceptance of those amendments.&nbsp;</div><div><br></div>', 'سياسة الخصوصية', 'سياسة الخصوصية', '<h3><span style=\"color: rgb(239, 198, 49);\">معلوماتك</span></h3><div><br></div><div>نوع المعلومات التي نجمعها منك إما أن تكون شخصية لك أو عامة:</div><div>المعلومات الشخصية: عند التسجيل على المنصة كعضو ، أو تحديث معلوماتك ، أو شراء أي سلع أو خدمات ، أو المشاركة في العروض الترويجية أو إرسال رسائل بريد إلكتروني إلينا ، فإنك تزودنا بالمعلومات التي نقوم بتخزينها ومعالجتها. قد تتضمن هذه المعلومات اسمك وعنوانك ورقم هاتفك وعنوان بريدك الإلكتروني وسجل الشراء والمعاملات والاهتمامات وغيرها من \"المعلومات الشخصية\".</div><div><br></div><div>معلومات عامة: نتلقى أيضًا معلومات أكثر عمومية منك نتيجة لزياراتك للمنصة واستخدامها. لا تحدد هذه المعلومات العامة هويتك بشكل شخصي ، ويمكن أن تتضمن معلومات مثل عنوان IP الخاص بك ، وتاريخ ووقت الوصول إلى المنصة ، وطول الوقت الذي تقضيه في المنصة ، وسجل التصفح الخاص بك (المسجل بواسطة ملفات النصوص والرسومات التي تتكون تلك الصفحة) ، وعنوان الإنترنت لموقع الويب الذي قمت من خلاله بالربط المباشر بمنصتنا ، وغيرها من \"المعلومات العامة\".</div><div><br></div><div>جمع واستخدام المعلومات</div><div>لن يتم تخزين جميع تفاصيل بطاقة الائتمان / الخصم ومعلومات التعريف الشخصية أو بيعها أو مشاركتها أو تأجيرها أو تأجيرها إلى أي أطراف أخرى.</div><div>يمكن استخدام معظم المنصة دون تزويدنا بأي معلومات. ومع ذلك ، قد تتضمن خدمات معينة جمع المعلومات منك. نستخدم هذه المعلومات لتزويدك بخدمة أفضل ، وخاصة للاحتفاظ بالسجلات الداخلية ؛ تحسين منتجاتنا وخدماتنا والمنصة ؛ التواصل معك إذا طلبت أو اشتريت أو شاركت في أي شيء على المنصة ؛ الاتصال بك لأغراض أبحاث السوق ؛ وتزويدك بمعلومات حول الفرص الجديدة والعروض الترويجية والعروض الخاصة والمعلومات الأخرى التي قد نشعر أنها ذات صلة بك. إذا اتصلت بنا عبر المنصة ، أو عبر البريد الإلكتروني إلى جهات الاتصال المحددة على المنصة ، فقد نحتفظ بسجل لتلك المراسلات.</div><div><br></div><div>نستخدم المعلومات العامة لمساعدتنا في جعل المنصة أكثر فائدة للزوار (بما في ذلك لمساعدتنا في تقييم المحتوى الذي يهم الزوار) ، ولأغراض أخرى مثل تحديد مواصفات التصميم الفني للمنصة وتحديد أداء النظام أو مجالات المشاكل ، لتتبع النشاط على المنصة ، وإعداد التقارير ، وتقييم الاتجاهات ، وبخلاف ذلك مراقبة كيفية استخدام المنصة ، لن يكون أيًا منها بطريقة تحدد شخصيًا أي مستخدم.</div><div><br></div><div>يتم تحديد بعض الإعلانات التي تراها على النظام الأساسي وتسليمها بواسطة جهات خارجية ، مثل شبكات الإعلانات ووكالات الإعلان والمعلنين ومقدمي شرائح الجمهور. قد تجمع هذه الأطراف الثالثة معلومات عنك وعن أنشطتك عبر الإنترنت ، سواء على المنصة أو على مواقع ويب أخرى ، من خلال ملفات تعريف الارتباط وإشارات الويب والتقنيات الأخرى لفهم اهتماماتك وتقديم إعلانات مخصصة لك حسب اهتماماتك. يرجى تذكر أننا لا نملك حق الوصول إلى المعلومات التي قد تجمعها هذه الأطراف الثالثة أو التحكم فيها. لا تشمل سياسة الخصوصية هذه ممارسات المعلومات الخاصة بهذه الجهات الخارجية.</div><div><br></div><h3><span style=\"color: rgb(239, 198, 49);\">عدم إفشاء المعلومات الشخصية</span></h3><div><br></div><div>أنت توافق على أنه يجوز لنا مشاركة معلوماتك الشخصية داخل شركتنا. لن نشارك أو نبيع أو نؤجر معلوماتك الشخصية بأي شكل من الأشكال إلى أي أطراف ثالثة خارج شركتنا إلا عندما نحصل على إذن منك ؛ أو إذا كان ذلك مطلوبًا بموجب القانون أو أي سلطة حاكمة ؛ أو لحماية مصالحنا المشروعة.</div><div>الأمان</div><div>يعد الحفاظ على أمان معلوماتك الشخصية ومنع الوصول غير المصرح به أولوية قصوى بالنسبة لنا ، ونحن نتخذ جميع الخطوات اللازمة بشكل معقول لحماية معلوماتك الشخصية ضد أي وصول أو استخدام أو تغيير أو إفشاء أو تدمير غير مصرح به. في حين وضعنا إجراءات مادية وإلكترونية وإدارية لتأمين معلوماتك الشخصية وحمايتها ، لن نتحمل مسؤولية أي وصول غير مصرح به من قبل أطراف ثالثة ولا يمكننا ضمان أن المعلومات الشخصية التي تقدمها أنت أو التي يتم إرسالها عبر النظام الأساسي أو عن طريق البريد الإلكتروني آمن وآمن.</div><div><br></div><h3><span style=\"color: rgb(239, 198, 49);\">استخدام ملفات تعريف الارتباط</span></h3><div><br></div><div>مثل العديد من مواقع الويب ، تستخدم المنصة ملفات تعريف الارتباط ، وهي ملفات تخزن المعلومات على محرك الأقراص الثابتة. تسمح ملفات تعريف الارتباط للنظام الأساسي بتحديد أصحاب الحسابات ، وتتبع المستخدمين الجدد ، وتسجيل معلومات الجلسة ، وبشكل عام لتحسين تجربتك. تقبل معظم المتصفحات ملفات تعريف الارتباط تلقائيًا ، ولكن إذا اخترت يمكنك تعطيل ملفات تعريف الارتباط من المستعرض الخاص بك. بالنسبة للحملات الإعلانية عبر الإنترنت ، يتم حذف ملفات تعريف الارتباط تلقائيًا بعد شهر واحد (1).</div><div>نوصي بأن تترك ملفات تعريف الارتباط \"قيد التشغيل\" حتى تتمكن من الاستمتاع بتجربة أفضل على المنصة. يمكنك أحيانًا الحصول على ملفات تعريف الارتباط من الشركات التي تعلن نيابة عنا أو بالنيابة عن شركاتنا التابعة. نحن لا نتحكم في ملفات تعريف الارتباط هذه ، ولا تخضع ملفات تعريف الارتباط هذه لسياسة الخصوصية هذه.</div><div><br></div><h3><span style=\"color: rgb(239, 198, 49);\">استخدام Google Analytics و Google Tracking Pixels</span></h3><div><br></div><div>يستخدم موقع الويب هذا Google Analytics ، وهي خدمة تحليلات الويب لشركة Google Inc. (\"Google\"). تحليلات جوجل&nbsp;يستخدم ملفات تعريف الارتباط و / أو الملفات النصية لتحليل حركة مرور الموقع. يتم نقل المعلومات التي تم إنشاؤها بواسطة ملفات تعريف الارتباط مع التفاصيل الخاصة بك (بما في ذلك عنوان IP الخاص بك) إلى خادم Google في الولايات المتحدة الأمريكية. تعالج Google هذه المعلومات لتقييم استخدامك للمنصة ، وتجميع التقارير حول نشاط المنصة نيابة عنا ، وتقديم خدمات أخرى ذات صلة فيما يتعلق بالموقع واستخدام الإنترنت. يجوز لشركة Google أيضًا مشاركة هذه المعلومات مع جهات خارجية بقدر ما يكون ذلك ضروريًا أو إذا قامت هذه الأطراف الثالثة بمعالجة المعلومات نيابة عن Google. لن تستخدم Google تحت أي ظرف من الظروف عنوان IP الخاص بك فيما يتعلق بالبيانات الأخرى التي توفرها Google.</div><div>يمكنك تعطيل ملفات تعريف الارتباط من المستعرض الخاص بك عن طريق ضبط إعدادات المستعرض الخاص بك. ومع ذلك ، في هذا السيناريو ، قد لا تتمكن من الاستفادة الكاملة من جميع الوظائف المتاحة على المنصة. باستخدام المنصة ، فإنك توافق على معالجة Google لنوع المعلومات التي تمت مناقشتها في هذا القسم بالطريقة المتوخاة في هذه السياسة. نحن وموردينا المعنيون وأي من المساهمين والشركات التابعة لنا والشركات الأم وأي من مسؤولينا ومديريهم ومديرينا وأعضاءنا ووكلائنا وموظفين ، لا نتحمل أي مسؤولية مباشرة أو غير مباشرة أو تأديبية أو عرضية الأضرار أو الخسائر الخاصة أو التبعية (بما في ذلك ، على سبيل المثال لا الحصر ، الأضرار العرضية واللاحقة ، أو الخسائر في الأرباح ، أو الأضرار الناتجة عن فقدان البيانات أو انقطاع الأعمال) الناشئة عن أو بطريقة مرتبطة باستخدام نوع المعلومات التي تمت مناقشتها في هذا القسم.</div><div><br></div><h3><span style=\"color: rgb(239, 198, 49);\">تتبع بكسل</span></h3><div><br></div><div>يتم استخدام وحدات بكسل تتبع Facebook و Google على المنصة. وهذا يعني أنه يجوز للأطراف الثالثة استخدام ملفات تعريف الارتباط وإشارات الويب والتقنيات المشابهة لجمع أو تلقي المعلومات من المنصة وأماكن أخرى على الإنترنت واستخدام تلك المعلومات لتقديم خدمات القياس والإعلانات المستهدفة. إذا كنت ترغب في الغاءها</div><div><br></div><div><h3><span style=\"color: rgb(239, 198, 49);\">اتفاقية المستخدم</span></h3><div><br></div><div>تشكل المقدمة أدناه الأحكام والشروط العامة (\"الشروط العامة\") ، إلى جانب سياسة الخصوصية (\"سياسة الخصوصية\") ، ورسم الشروط والأحكام (\"شروط السحب\") (مع \"اتفاقية المستخدم\") العقد بينك وبين Joker فرصة Enterprises LLC (\"فرصة Joker\" و \"We\" و \"Us\" و \"Our\") المتعلقة باستخدام موقعنا (\"Site\") وتطبيقنا للجوال (\"App\") (مع \"المنصة\") ومشاركتك في سحوبات حملتنا (\"سحوبات الحملة\").</div><div>الديباجة</div><div><br></div><div>يوافق أي طرف يستخدم المنصة و / أو يشارك في سحب الحملة (\"المستخدم\" ، \"أنت\" ، \"الخاص بك\") على الالتزام باتفاقية المستخدم هذه. إذا كنت لا توافق على اتفاقية المستخدم هذه أو أي من شروطها (بما في ذلك أي تعديلات) ، فيجب عليك التوقف فورًا عن استخدام المنصة وعدم إدخال أي سحب للحملة.</div><div>&nbsp;تسري اتفاقية المستخدم هذه اعتبارًا من 23 فبراير 2020. يجوز لنا تعديل اتفاقية الاستخدام هذه في أي وقت دون إشعار مسبق وستسري التعديلات بمجرد عرضها على المنصة. أنت تقر وتوافق على أنه من مسؤوليتك مراجعة اتفاقية المستخدم هذه بشكل دوري لتعريف نفسك بأي تعديلات. سيتم تفسير استمرار استخدامك للمنصة أو أي من منتجاتنا وعروضنا وخدماتنا ، بما في ذلك على سبيل المثال لا الحصر ، سحوبات الحملة (\"الخدمات\") بعد أي تعديلات على أنها قبول لتلك التعديلات.</div></div>', NULL, '2020-06-30 23:32:54', NULL),
(9, 'About', 'about', 'about', 'about', 1, 'About', 'About', 'Lorem ipsum dolor sit amet, consectetur adipiscing elit. Duis euismod arcu nec urna commodo accumsan. Quisque tellus neque, lobortis blandit dui sed, tincidunt vehicula turpis. Aliquam erat volutpat. Ut ex magna, sodales volutpat ipsum in, pulvinar sagittis nisl. Quisque viverra pellentesque aliquam. Nulla ante mauris, viverra vitae dui at, placerat interdum orci. Nulla id nisi nec mi venenatis aliquet. Mauris id nunc viverra diam pharetra rutrum. Nam placerat vitae elit in rutrum. Vestibulum aliquet, augue eget feugiat lacinia, nisl lectus rutrum quam, quis mattis risus nunc ac odio. Suspendisse a efficitur justo, vitae consequat sapien.\r\n\r\nFusce viverra posuere urna, ac imperdiet nunc pharetra et. Morbi eu quam id nibh dapibus interdum. Etiam tempor, dui molestie aliquam fermentum, velit ligula tempor augue, at ullamcorper ante nunc ut diam. Nam ex enim, mollis vel condimentum at, interdum eu neque. Nulla sodales ut sapien ut commodo. Curabitur id ultricies massa. Sed maximus a tortor et cursus. Proin aliquet mattis nisi, id consequat est semper in. Donec eu neque eleifend risus sagittis sodales sed ac magna. Fusce nisl massa, dapibus sed semper accumsan, dictum in elit. Sed elementum iaculis ultrices. Curabitur vitae varius nulla. Donec convallis lacus a magna porta auctor. Donec facilisis, nisi eget blandit blandit, dolor nulla ullamcorper diam, sed porta orci velit quis purus.\r\n\r\nNam varius, nibh non vehicula rutrum, sapien ex gravida sapien, tempor mollis magna diam eu tortor. Fusce bibendum quam in metus dignissim, eu luctus dui ornare. Proin suscipit odio quis dapibus aliquam. Duis molestie elit ut ipsum malesuada consequat. Praesent congue nunc egestas malesuada aliquet. Nullam sit amet suscipit dolor. Phasellus nec vulputate mauris, et efficitur libero. Praesent sit amet velit ac odio tincidunt mattis sed vitae orci. Aliquam ornare dolor lorem, sed fermentum massa egestas eget. Suspendisse sed magna vulputate augue convallis auctor.\r\n\r\nEtiam imperdiet ipsum at tempus pharetra. Etiam sagittis lacus et leo tempor, et placerat felis elementum. Aliquam iaculis tortor sit amet massa suscipit, ut euismod arcu aliquam. Nunc rutrum sem nec cursus posuere. Nam congue lectus eget tincidunt congue. Integer eget augue nec purus facilisis molestie vel dignissim nisl. Vivamus accumsan tincidunt sollicitudin. Sed gravida erat mi, quis suscipit dui facilisis at. Donec volutpat nisl et leo dictum, interdum pharetra odio pretium.\r\n\r\nQuisque congue metus sed turpis dictum, in accumsan dolor porta. Mauris sed consequat justo. Proin scelerisque, sem nec sagittis commodo, velit mauris bibendum elit, quis viverra augue enim in felis. Nullam iaculis lectus non urna interdum, sit amet pulvinar lacus laoreet. Nulla in lectus scelerisque, ultrices purus in, rutrum nisi. Nam ut arcu cursus, semper ligula nec, volutpat tortor. Aenean elementum est molestie est malesuada porttitor sit amet sit amet quam. Suspendisse eget velit sit amet lacus varius scelerisque. Vivamus nec turpis placerat, pulvinar nisi sed, blandit quam. Pellentesque posuere dolor libero, vitae gravida nulla condimentum ut.', 'من نحن', 'من نحن', 'هذا النص هو مثال لنص يمكن أن يستبدل في نفس المساحة، لقد تم توليد هذا النص من مولد النص العربى، حيث يمكنك أن تولد مثل هذا النص أو العديد من النصوص الأخرى إضافة إلى زيادة عدد الحروف التى يولدها التطبيق.\r\nإذا كنت تحتاج إلى عدد أكبر من الفقرات يتيح لك مولد النص العربى زيادة عدد الفقرات كما تريد، النص لن يبدو مقسما ولا يحوي أخطاء لغوية، مولد النص العربى مفيد لمصممي المواقع على وجه الخصوص، حيث يحتاج العميل فى كثير من الأحيان أن يطلع على صورة حقيقية لتصميم الموقع.\r\nومن هنا وجب على المصمم أن يضع نصوصا مؤقتة على التصميم ليظهر للعميل الشكل كاملاً،دور مولد النص العربى أن يوفر على المصمم عناء البحث عن نص بديل لا علاقة له بالموضوع الذى يتحدث عنه التصميم فيظهر بشكل لا يليق.\r\nهذا النص يمكن أن يتم تركيبه على أي تصميم دون مشكلة فلن يبدو وكأنه نص منسوخ، غير منظم، غير منسق، أو حتى غير مفهوم. لأنه مازال نصاً بديلاً ومؤقتاً.\r\n\r\nهذا النص هو مثال لنص يمكن أن يستبدل في نفس المساحة، لقد تم توليد هذا النص من مولد النص العربى، حيث يمكنك أن تولد مثل هذا النص أو العديد من النصوص الأخرى إضافة إلى زيادة عدد الحروف التى يولدها التطبيق.\r\nإذا كنت تحتاج إلى عدد أكبر من الفقرات يتيح لك مولد النص العربى زيادة عدد الفقرات كما تريد، النص لن يبدو مقسما ولا يحوي أخطاء لغوية، مولد النص العربى مفيد لمصممي المواقع على وجه الخصوص، حيث يحتاج العميل فى كثير من الأحيان أن يطلع على صورة حقيقية لتصميم الموقع.\r\nومن هنا وجب على المصمم أن يضع نصوصا مؤقتة على التصميم ليظهر للعميل الشكل كاملاً،دور مولد النص العربى أن يوفر على المصمم عناء البحث عن نص بديل لا علاقة له بالموضوع الذى يتحدث عنه التصميم فيظهر بشكل لا يليق.\r\nهذا النص يمكن أن يتم تركيبه على أي تصميم دون مشكلة فلن يبدو وكأنه نص منسوخ، غير منظم، غير منسق، أو حتى غير مفهوم. لأنه مازال نصاً بديلاً ومؤقتاً.\r\n\r\nهذا النص هو مثال لنص يمكن أن يستبدل في نفس المساحة، لقد تم توليد هذا النص من مولد النص العربى، حيث يمكنك أن تولد مثل هذا النص أو العديد من النصوص الأخرى إضافة إلى زيادة عدد الحروف التى يولدها التطبيق.\r\nإذا كنت تحتاج إلى عدد أكبر من الفقرات يتيح لك مولد النص العربى زيادة عدد الفقرات كما تريد، النص لن يبدو مقسما ولا يحوي أخطاء لغوية، مولد النص العربى مفيد لمصممي المواقع على وجه الخصوص، حيث يحتاج العميل فى كثير من الأحيان أن يطلع على صورة حقيقية لتصميم الموقع.\r\nومن هنا وجب على المصمم أن يضع نصوصا مؤقتة على التصميم ليظهر للعميل الشكل كاملاً،دور مولد النص العربى أن يوفر على المصمم عناء البحث عن نص بديل لا علاقة له بالموضوع الذى يتحدث عنه التصميم فيظهر بشكل لا يليق.\r\nهذا النص يمكن أن يتم تركيبه على أي تصميم دون مشكلة فلن يبدو وكأنه نص منسوخ، غير منظم، غير منسق، أو حتى غير مفهوم. لأنه مازال نصاً بديلاً ومؤقتاً.', NULL, '2020-06-30 23:32:54', NULL);

-- --------------------------------------------------------

--
-- Table structure for table `users`
--

DROP TABLE IF EXISTS `users`;
CREATE TABLE IF NOT EXISTS `users` (
  `id` int(11) NOT NULL AUTO_INCREMENT,
  `name` varchar(191) COLLATE utf8mb4_unicode_ci NOT NULL,
  `email` varchar(191) COLLATE utf8mb4_unicode_ci NOT NULL,
  `email_verified_at` timestamp NULL DEFAULT NULL,
  `password` varchar(191) COLLATE utf8mb4_unicode_ci NOT NULL,
  `remember_token` varchar(100) COLLATE utf8mb4_unicode_ci DEFAULT NULL,
  `created_at` timestamp NULL DEFAULT NULL,
  `updated_at` timestamp NULL DEFAULT NULL,
  PRIMARY KEY (`id`),
  UNIQUE KEY `users_email_unique` (`email`)
) ENGINE=MyISAM DEFAULT CHARSET=utf8mb4 COLLATE=utf8mb4_unicode_ci;

--
-- Constraints for dumped tables
--

--
-- Constraints for table `board_of_directors`
--
ALTER TABLE `board_of_directors`
  ADD CONSTRAINT `board_of_directors_ibfk_1` FOREIGN KEY (`category_id`) REFERENCES `board_of_directors_category` (`id`) ON DELETE CASCADE;

--
-- Constraints for table `cities`
--
ALTER TABLE `cities`
  ADD CONSTRAINT `cities_ibfk_1` FOREIGN KEY (`state_id`) REFERENCES `states` (`id`) ON DELETE CASCADE;

--
-- Constraints for table `media_items`
--
ALTER TABLE `media_items`
  ADD CONSTRAINT `media_items_ibfk_1` FOREIGN KEY (`media_id`) REFERENCES `media` (`id`) ON DELETE CASCADE;

--
-- Constraints for table `participation_locations`
--
ALTER TABLE `participation_locations`
  ADD CONSTRAINT `participation_locations_ibfk_1` FOREIGN KEY (`state_id`) REFERENCES `states` (`id`) ON DELETE CASCADE;
COMMIT;

/*!40101 SET CHARACTER_SET_CLIENT=@OLD_CHARACTER_SET_CLIENT */;
/*!40101 SET CHARACTER_SET_RESULTS=@OLD_CHARACTER_SET_RESULTS */;
/*!40101 SET COLLATION_CONNECTION=@OLD_COLLATION_CONNECTION */;
